folder_path,metadata_file,disciplina,tema,conceito,tipo,descricao,tags,difficulty_min,difficulty_max,has_subvariants,num_exercises_listed,sample_exercises,sibling_jsons,warnings
C:\Users\diogo\projects\To_Exercises\ExerciseDatabase\matematica\A12_otimizacao\estudo_monotonia\monotonia_pura,metadata.json,matematica,A12_otimizacao,estudo_monotonia,monotonia_pura,Exercícios com funções abstratas para estudar monotonia usando derivadas.,"[""monotonia"", ""derivadas"", ""funcoes_abstratas"", ""crescente"", ""decrescente""]",2,3,False,2,"[""MAT_A12OTIMI_ESTU_MPU_001"", ""MAT_A12OTIMI_ESTU_MPU_002""]",[],[]
C:\Users\diogo\projects\To_Exercises\ExerciseDatabase\matematica\A12_otimizacao\estudo_monotonia\monotonia_real,metadata.json,matematica,A12_otimizacao,estudo_monotonia,monotonia_real,Exercícios com contextos reais onde a monotonia é usada como método de análise.,"[""monotonia"", ""derivadas"", ""contexto_real"", ""modelacao""]",2,3,False,1,"[""MAT_A12OTIMI_EXX_MRX_001""]",[],[]
C:\Users\diogo\projects\To_Exercises\ExerciseDatabase\matematica\A12_otimizacao\estudo_monotonia\problema_real_monotonia,metadata.json,matematica,A12_otimizacao,estudo_monotonia,problema_real_monotonia,Exercícios de problema real monotonia,"[""problema_real"", ""otimização"", ""monotonia""]",1,3,False,2,"[""MAT_A12OTIMI_EXX_PRM_001"", ""MAT_A12OTIMI_EXX_PRM_002""]",[],[]
C:\Users\diogo\projects\To_Exercises\ExerciseDatabase\matematica\A12_otimizacao\problemas_simples_otimizacao\modelagem,metadata.json,matematica,A12_otimizacao,problemas_simples_otimizacao,modelagem,Problemas do tipo f(x)=a onde f(x) modela um contexto real e os alunos interpretam e resolvem.,"[""modelagem"", ""funcao"", ""interpretacao"", ""contexto_real""]",2,3,False,2,"[""MAT_A12OTIMI_PROB_MOD_001"", ""MAT_A12OTIMI_PROB_MOD_002""]",[],[]
C:\Users\diogo\projects\To_Exercises\ExerciseDatabase\matematica\A12_otimizacao\problemas_simples_otimizacao\problemas_de_rampas,metadata.json,matematica,A12_otimizacao,problemas_simples_otimizacao,problemas_de_rampas,"Usar trigonometria para calcular ângulo de inclinação de rampas (ex: acessibilidade para cadeira de rodas), dado comprimento e altura.","[""trigonometria"", ""rampas"", ""acessibilidade"", ""angulo""]",2,3,False,2,"[""MAT_A12OTIMI_PROB_RAM_001"", ""MAT_A12OTIMI_PROB_RAM_002""]",[],[]
C:\Users\diogo\projects\To_Exercises\ExerciseDatabase\matematica\A12_otimizacao\problemas_simples_otimizacao\triangulos_ret_puros,metadata.json,matematica,A12_otimizacao,problemas_simples_otimizacao,triangulos_ret_puros,Determinar vértices de um triângulo retângulo sabendo que dois pertencem ao gráfico de uma função específica.,"[""triangulo_retangulo"", ""vertices"", ""funcao"", ""coordenadas""]",2,3,False,1,"[""MAT_A12OTIMI_PXX_TRP_001""]",[],[]
C:\Users\diogo\projects\To_Exercises\ExerciseDatabase\matematica\A7_probabilidade\1-eventos_e_espaco_amostral\simples,metadata.json,matematica,A7_probabilidade,1-eventos_e_espaco_amostral,simples,simples,"[""simples""]",2,4,False,1,"[""MAT_A7PROBAB_1EX_SXX_001""]",[],[]
C:\Users\diogo\projects\To_Exercises\ExerciseDatabase\matematica\A8_modelos_discretos\1-sistemas_numericos\determinacao_valores,metadata.json,matematica,A8_modelos_discretos,1-sistemas_numericos,determinacao_valores,"Traduzir diferentes sistemas numéricos uns nos outros, como por exemplo, traduzir 10 em número binário.","[""Representa""]",2,4,False,3,"[""MAT_A8MODELO_1SX_DVX_001"", ""MAT_A8MODELO_1SX_DVX_002"", ""MAT_A8MODELO_1SX_DVX_003""]",[],[]
C:\Users\diogo\projects\To_Exercises\ExerciseDatabase\matematica\A8_modelos_discretos\1-sistemas_numericos\numeros_figurados,metadata.json,,A8_modelos_discretos,,numeros_figurados,"Exercícios sobre sucessões de números figurados, com representação visual e conversão entre sistemas de numeração.","[""números figurados"", ""sucessões"", ""sistemas de numeração"", ""conversão de bases"", ""regra da sucessão""]",,,False,14,"[""MAT_A8MODELO_1SX_NFX_001"", ""MAT_A8MODELO_1SX_NFX_002"", ""MAT_A8MODELO_1SX_NFX_003""]",[],"[""missing_disciplina"", ""missing_conceito""]"
C:\Users\diogo\projects\To_Exercises\ExerciseDatabase\matematica\A9_funcoes_crescimento\0-revisoes\aplicacoes_praticas,MAT_A9FUNCRE_0REV_APL_001.json,matematica,A9_funcoes_crescimento,0-revisoes,aplicacoes_praticas,,"[""revisao"", ""proporcionalidade"", ""aplicacao_pratica"", ""razao""]",2,2,False,0,[],"[""MAT_A9FUNCRE_0REV_APL_002.json"", ""metadata.json""]","[""no_exercises_listed""]"
C:\Users\diogo\projects\To_Exercises\ExerciseDatabase\matematica\A9_funcoes_crescimento\0-revisoes\aplicacoes_praticas,MAT_A9FUNCRE_0REV_APL_002.json,matematica,A9_funcoes_crescimento,0-revisoes,aplicacoes_praticas,,"[""revisao"", ""percentagens"", ""aplicacao_pratica"", ""financas""]",2,2,False,0,[],"[""MAT_A9FUNCRE_0REV_APL_001.json"", ""metadata.json""]","[""no_exercises_listed""]"
C:\Users\diogo\projects\To_Exercises\ExerciseDatabase\matematica\A9_funcoes_crescimento\0-revisoes\aplicacoes_praticas,metadata.json,matematica,A9_funcoes_crescimento,0-revisoes,aplicacoes_praticas,"Exercícios de aplicação de conceitos matemáticos básicos (proporcionalidade, percentagens) em contextos práticos do quotidiano.","[""aplicacao_pratica"", ""proporcionalidade"", ""percentagens"", ""contexto_real""]",2,3,False,2,"[""MAT_A9FUNCOE_0RX_APX_001"", ""MAT_A9FUNCOE_0RX_APX_002""]","[""MAT_A9FUNCRE_0REV_APL_001.json"", ""MAT_A9FUNCRE_0REV_APL_002.json""]",[]
C:\Users\diogo\projects\To_Exercises\ExerciseDatabase\matematica\A9_funcoes_crescimento\0-revisoes\calculo_funcoes,MAT_A9FUNCRE_0REV_CAL_001.json,matematica,A9_funcoes_crescimento,0-revisoes,calculo_funcoes,,"[""revisao"", ""funcoes"", ""calculo_imagens"", ""equacoes""]",2,2,False,0,[],"[""metadata.json""]","[""no_exercises_listed""]"
C:\Users\diogo\projects\To_Exercises\ExerciseDatabase\matematica\A9_funcoes_crescimento\0-revisoes\calculo_funcoes,metadata.json,matematica,A9_funcoes_crescimento,0-revisoes,calculo_funcoes,"Exercícios de cálculo de imagens, objetos e manipulação algébrica básica de funções.","[""calculo_imagens"", ""calculo_objetos"", ""algebra"", ""funcoes_lineares""]",2,3,False,1,"[""MAT_A9FUNCRE_0REV_CAL_001""]","[""MAT_A9FUNCRE_0REV_CAL_001.json""]",[]
C:\Users\diogo\projects\To_Exercises\ExerciseDatabase\matematica\A9_funcoes_crescimento\0-revisoes\conceito_funcao,MAT_A9FUNCRE_0REV_CFU_001.json,matematica,A9_funcoes_crescimento,0-revisoes,conceito_funcao,,"[""revisao"", ""crescimento"", ""funcoes"", ""conceito_funcao"", ""proporcionalidade"", ""percentagens""]",2,2,False,0,[],"[""metadata.json""]","[""no_exercises_listed""]"
C:\Users\diogo\projects\To_Exercises\ExerciseDatabase\matematica\A9_funcoes_crescimento\0-revisoes\conceito_funcao,metadata.json,matematica,A9_funcoes_crescimento,0-revisoes,conceito_funcao,"Exercícios sobre o conceito fundamental de função, verificação de correspondências e identificação de funções.","[""conceito_funcao"", ""definicao"", ""correspondencia"", ""verificacao""]",1,2,False,4,"[""MAT_A9FUNCOE_0RX_CFX_001"", ""MAT_A9FUNCOE_0RX_CFX_002"", ""MAT_A9FUNCOE_0RX_CFX_003""]","[""MAT_A9FUNCRE_0REV_CFU_001.json""]",[]
C:\Users\diogo\projects\To_Exercises\ExerciseDatabase\matematica\A9_funcoes_crescimento\1-exponenciais\crescimento_bacterias,MAT_A9FUNCRE_1EXP_CBA_001.json,matematica,A9_funcoes_crescimento,1-exponenciais,crescimento_bacterias,,"[""crescimento_exponencial"", ""bacterias"", ""modelo_continuo"", ""exponenciais"", ""numero_euler""]",3,3,False,0,[],"[""MAT_A9FUNCRE_1EXP_CBA_002.json"", ""metadata.json""]","[""no_exercises_listed""]"
C:\Users\diogo\projects\To_Exercises\ExerciseDatabase\matematica\A9_funcoes_crescimento\1-exponenciais\crescimento_bacterias,MAT_A9FUNCRE_1EXP_CBA_002.json,matematica,A9_funcoes_crescimento,1-exponenciais,crescimento_bacterias,,"[""crescimento_exponencial"", ""bacterias"", ""exponenciais"", ""modelacao"", ""expoente_fracionario""]",3,3,False,0,[],"[""MAT_A9FUNCRE_1EXP_CBA_001.json"", ""metadata.json""]","[""no_exercises_listed""]"
C:\Users\diogo\projects\To_Exercises\ExerciseDatabase\matematica\A9_funcoes_crescimento\1-exponenciais\crescimento_bacterias,metadata.json,matematica,A9_funcoes_crescimento,1-exponenciais,crescimento_bacterias,"Modelação de crescimento bacteriano usando funções exponenciais, incluindo modelos com base e e expoentes fracionários.","[""crescimento_exponencial"", ""bacterias"", ""biologia"", ""modelo_continuo""]",3,4,False,2,"[""MAT_A9FUNCRE_1EXP_CBA_001"", ""MAT_A9FUNCRE_1EXP_CBA_002""]","[""MAT_A9FUNCRE_1EXP_CBA_001.json"", ""MAT_A9FUNCRE_1EXP_CBA_002.json""]",[]
C:\Users\diogo\projects\To_Exercises\ExerciseDatabase\matematica\A9_funcoes_crescimento\1-exponenciais\crescimento_populacional,MAT_A9FUNCRE_1EXP_CPO_001.json,matematica,A9_funcoes_crescimento,1-exponenciais,crescimento_populacional,,"[""crescimento_exponencial"", ""modelacao"", ""exponenciais"", ""populacao"", ""interpretacao_grafica""]",3,3,False,0,[],"[""metadata.json""]","[""no_exercises_listed""]"
C:\Users\diogo\projects\To_Exercises\ExerciseDatabase\matematica\A9_funcoes_crescimento\1-exponenciais\crescimento_populacional,metadata.json,matematica,A9_funcoes_crescimento,1-exponenciais,crescimento_populacional,Modelação de crescimento de populações através de funções exponenciais. Inclui interpretação gráfica e resolução de problemas contextualizados.,"[""crescimento_exponencial"", ""populacao"", ""modelacao"", ""interpretacao""]",3,4,False,1,"[""MAT_A9FUNCRE_1EXP_CPO_001""]","[""MAT_A9FUNCRE_1EXP_CPO_001.json""]",[]
C:\Users\diogo\projects\To_Exercises\ExerciseDatabase\matematica\A9_funcoes_crescimento\1-exponenciais\decaimento_medicamento,MAT_A9FUNCRE_1EXP_DME_001.json,matematica,A9_funcoes_crescimento,1-exponenciais,decaimento_medicamento,,"[""decaimento_exponencial"", ""medicamento"", ""exponenciais"", ""modelacao"", ""farmacologia""]",3,3,False,0,[],"[""metadata.json""]","[""no_exercises_listed""]"
C:\Users\diogo\projects\To_Exercises\ExerciseDatabase\matematica\A9_funcoes_crescimento\1-exponenciais\decaimento_medicamento,metadata.json,matematica,A9_funcoes_crescimento,1-exponenciais,decaimento_medicamento,Modelação de decaimento de concentração de medicamentos no organismo através de funções exponenciais.,"[""decaimento_exponencial"", ""medicamento"", ""farmacologia"", ""modelacao""]",3,4,False,1,"[""MAT_A9FUNCOE_1EX_DMX_001""]","[""MAT_A9FUNCRE_1EXP_DME_001.json""]",[]
C:\Users\diogo\projects\To_Exercises\ExerciseDatabase\matematica\A9_funcoes_crescimento\1-exponenciais\depreciacao_valor,MAT_A9FUNCRE_1EXP_DPR_001.json,matematica,A9_funcoes_crescimento,1-exponenciais,depreciacao_valor,,"[""decaimento_exponencial"", ""valor_comercial"", ""financeiro"", ""exponenciais"", ""depreciacao""]",3,3,False,0,[],"[""metadata.json""]","[""no_exercises_listed""]"
C:\Users\diogo\projects\To_Exercises\ExerciseDatabase\matematica\A9_funcoes_crescimento\1-exponenciais\depreciacao_valor,metadata.json,matematica,A9_funcoes_crescimento,1-exponenciais,depreciacao_valor,Modelação de depreciação de valor comercial de bens através de funções exponenciais decrescentes.,"[""decaimento_exponencial"", ""depreciacao"", ""financeiro"", ""valor_comercial""]",3,4,False,1,"[""MAT_A9FUNCOE_1EX_DVX_001""]","[""MAT_A9FUNCRE_1EXP_DPR_001.json""]",[]
C:\Users\diogo\projects\To_Exercises\ExerciseDatabase\matematica\P1_modelos_matematicos_para_a_cidadania\eleicoes\analise_tabelas_eleitorais,metadata.json,,,eleicoes,analise_tabelas_eleitorais,,"[""tabelas"", ""percentagens"", ""maioria"", ""abstenção"", ""brancos"", ""nulos""]",2,3,False,1,"[""MAT_P1MODELO_EXX_ATE_001""]",[],"[""missing_disciplina"", ""missing_tema""]"
C:\Users\diogo\projects\To_Exercises\ExerciseDatabase\matematica\P1_modelos_matematicos_para_a_cidadania\eleicoes\compreensao_termos,metadata.json,,,eleicoes,compreensao_termos,,"[""definições"", ""leitura"", ""associação""]",1,2,False,2,"[""MAT_P1MODELO_EXX_CTX_001"", ""MAT_P1MODELO_EXX_CTX_002""]",[],"[""missing_disciplina"", ""missing_tema""]"
C:\Users\diogo\projects\To_Exercises\ExerciseDatabase\matematica\P1_modelos_matematicos_para_a_cidadania\eleicoes\conceitos_eleitorais,metadata.json,,,eleicoes,conceitos_eleitorais,,"[""maioria"", ""abstenção"", ""votos"", ""definições""]",1,2,False,1,"[""MAT_P1MODELO_ELE_CONC_001""]",[],"[""missing_disciplina"", ""missing_tema""]"
C:\Users\diogo\projects\To_Exercises\ExerciseDatabase\matematica\P1_modelos_matematicos_para_a_cidadania\financas_pessoais\calculo_percentagens_financeiras,MAT_P1MODELO_FINA_CAL_001.json,matematica,P1_modelos_matematicos_para_a_cidadania,financas_pessoais,calculo_percentagens_financeiras,,"[""calculo_percentagens_financeiras"", ""financas_pessoais""]",2,2,False,0,[],"[""MAT_P1MODELO_FIN_CALC_001.json"", ""metadata.json""]","[""no_exercises_listed""]"
C:\Users\diogo\projects\To_Exercises\ExerciseDatabase\matematica\P1_modelos_matematicos_para_a_cidadania\financas_pessoais\calculo_percentagens_financeiras,MAT_P1MODELO_FIN_CALC_001.json,matematica,P1_modelos_matematicos_para_a_cidadania,financas_pessoais,calculo_percentagens_financeiras,,"[""percentagens"", ""financas_pessoais"", ""juros"", ""impostos"", ""orcamento_familiar"", ""investimentos""]",2,2,False,0,[],"[""MAT_P1MODELO_FINA_CAL_001.json"", ""metadata.json""]","[""no_exercises_listed""]"
C:\Users\diogo\projects\To_Exercises\ExerciseDatabase\matematica\P1_modelos_matematicos_para_a_cidadania\financas_pessoais\calculo_percentagens_financeiras,metadata.json,matematica,P1_modelos_matematicos_para_a_cidadania,financas_pessoais,calculo_percentagens_financeiras,Exercícios do tipo calculo_percentagens_financeiras para o conceito financas_pessoais.,"[""calculo_percentagens_financeiras"", ""financas_pessoais""]",1,3,False,1,"[""MAT_P1MODELO_FINA_CAL_001""]","[""MAT_P1MODELO_FINA_CAL_001.json"", ""MAT_P1MODELO_FIN_CALC_001.json""]",[]
C:\Users\diogo\projects\To_Exercises\ExerciseDatabase\matematica\P1_modelos_matematicos_para_a_cidadania\percentagens\calculo_percentagens,metadata.json,,,percentagens,calculo_percentagens,,"[""percentagens"", ""aumentos"", ""descontos"", ""regra_de_três""]",1,2,False,3,"[""MAT_P1MODELO_PXX_CPX_001"", ""MAT_P1MODELO_PXX_CPX_002"", ""MAT_P1MODELO_PXX_CPX_003""]",[],"[""missing_disciplina"", ""missing_tema""]"
C:\Users\diogo\projects\To_Exercises\ExerciseDatabase\matematica\P2_estatistica\0-revisoes\desenvolvimento,metadata.json,matematica,P2_estatistica,0-revisoes,desenvolvimento,Exercícios de desenvolvimento,"[""revisoes""]",1,3,False,2,"[""MAT_P2ESTATI_REVI_D_001"", ""MAT_P2ESTATI_REVI_D_002""]",[],[]
C:\Users\diogo\projects\To_Exercises\ExerciseDatabase\matematica\P2_estatistica\1-Medicoes_basicas\estatistica_na_vida,metadata.json,matematica,P2_estatistica,1-Medicoes_basicas,estatistica_na_vida,"Exercícios aplicando medidas estatísticas a valores do dia a dia de alunos e pessoas (notas, gastos, tempos, etc.).","[""media"", ""moda"", ""mediana"", ""vida_quotidiana"", ""interpretacao""]",1,2,False,2,"[""MAT_P2ESTATI_1MX_ENV_001"", ""MAT_P2ESTATI_1MX_ENV_002""]",[],[]
C:\Users\diogo\projects\To_Exercises\ExerciseDatabase\matematica\P2_estatistica\1-Medicoes_basicas\estatistica_poupanca,metadata.json,matematica,P2_estatistica,1-Medicoes_basicas,estatistica_poupanca,"Exercícios aplicando medidas estatísticas (média, moda, mediana) a tabelas que cronometram poupanças de família, pessoa ou instituição.","[""media"", ""moda"", ""mediana"", ""poupanca"", ""interpretacao""]",1,2,False,1,"[""MAT_P2ESTATI_1MX_EPX_001""]",[],[]
C:\Users\diogo\projects\To_Exercises\ExerciseDatabase\matematica\P2_estatistica\1-Medicoes_basicas\estatistica_pura,metadata.json,matematica,P2_estatistica,1-Medicoes_basicas,estatistica_pura,"Exercícios diretos com listas de valores numéricos para calcular medidas estatísticas (média, moda, mediana).","[""media"", ""moda"", ""mediana"", ""calculo_direto""]",1,2,False,1,"[""MAT_P2ESTATI_1MX_EPX_001""]",[],[]
C:\Users\diogo\projects\To_Exercises\ExerciseDatabase\matematica\P2_estatistica\2-Variabilidade\escolha_m_variabilidade,metadata.json,matematica,P2_estatistica,2-Variabilidade,escolha_m_variabilidade,O aluno deverá escolher uma resposta entre várias opções,[],1,5,False,2,"[""MAT_P2ESTATI_VARI_EM_001"", ""MAT_P2ESTATI_2VX_EMV_001""]",[],[]
C:\Users\diogo\projects\To_Exercises\ExerciseDatabase\matematica\P2_estatistica\2-Variabilidade\medidas_de_variabilidade,metadata.json,matematica,P2_estatistica,2-Variabilidade,medidas_de_variabilidade,"Exercícios para calcular medidas de variabilidade como amplitude e desvio absoluto médio, aproveitando contextos de poupança e vida quotidiana.","[""amplitude"", ""desvio_absoluto_medio"", ""variabilidade"", ""dispersao""]",2,3,False,2,"[""MAT_P2ESTATI_2VAR_MDV_001"", ""MAT_P2ESTATI_2VAR_MDV_002""]",[],[]
C:\Users\diogo\projects\To_Exercises\ExerciseDatabase\matematica\P3_trigonometria\2-triangulos_isosceles,metadata.json,,,2-triangulos_isosceles,,"Exercícios sobre propriedades de triângulos isósceles, incluindo cálculo de ângulos e lados","[""triangulos"", ""isosceles"", ""angulos"", ""lados_iguais"", ""geometria""]",,,False,0,[],[],"[""missing_disciplina"", ""missing_tema"", ""no_exercises_listed""]"
C:\Users\diogo\projects\To_Exercises\ExerciseDatabase\matematica\P3_trigonometria\2-triangulos_isosceles\desenvolvimento,metadata.json,,,,desenvolvimento,,[],,,False,1,"[""MAT_P3TRIGON_2TX_DXX_001""]",[],"[""missing_disciplina"", ""missing_tema"", ""missing_conceito""]"
C:\Users\diogo\projects\To_Exercises\ExerciseDatabase\matematica\P3_trigonometria\3-identidades_trigonometricas\afirmacao_verdadeiro_falso,metadata.json,,,,afirmacao_verdadeiro_falso,,[],,,False,4,"[""MAT_P3TRIGON_3IX_AVF_001"", ""MAT_P3TRIGON_3IX_AVF_002"", ""MAT_P3TRIGON_3IX_AVF_003""]",[],"[""missing_disciplina"", ""missing_tema"", ""missing_conceito""]"
C:\Users\diogo\projects\To_Exercises\ExerciseDatabase\matematica\P4_funcoes\0_1-intervalos_reais\pertenca_intervalo,metadata.json,,,,pertenca_intervalo,,[],,,False,1,"[""MAT_P4FUNCOE_0IX_PIX_001""]",[],"[""missing_disciplina"", ""missing_tema"", ""missing_conceito""]"
C:\Users\diogo\projects\To_Exercises\ExerciseDatabase\matematica\P4_funcoes\0_1-intervalos_reais\pertinencia_intervalo,metadata.json,,,,pertinencia_intervalo,,[],,,False,4,"[""MAT_P4FUNCOE_0IX_PIX_001"", ""MAT_P4FUNCOE_0IX_PIX_002"", ""MAT_P4FUNCOE_0IX_PIX_003""]",[],"[""missing_disciplina"", ""missing_tema"", ""missing_conceito""]"
C:\Users\diogo\projects\To_Exercises\ExerciseDatabase\matematica\P4_funcoes\0_2-prod_intervalos\aplicacao_contexto_real,metadata.json,,,,aplicacao_contexto_real,,[],,,False,2,"[""MAT_P4FUNCOE_0PX_ACR_001"", ""MAT_P4FUNCOE_0PX_ACR_002""]",[],"[""missing_disciplina"", ""missing_tema"", ""missing_conceito""]"
C:\Users\diogo\projects\To_Exercises\ExerciseDatabase\matematica\P4_funcoes\0_2-prod_intervalos\interpreta_grafico,metadata.json,,,,interpreta_grafico,,[],,,False,2,"[""MAT_P4FUNCOE_0PX_IGX_001"", ""MAT_P4FUNCOE_0PX_IGX_002""]",[],"[""missing_disciplina"", ""missing_tema"", ""missing_conceito""]"
C:\Users\diogo\projects\To_Exercises\ExerciseDatabase\matematica\P4_funcoes\1-generalidades_funcoes,MAT_P4FUNCOE_1GEN_001.json,matematica,P4_funcoes,1-generalidades_funcoes,MAT_P4FUNCOE_1GEN_001,,[],2,2,False,0,[],"[""metadata.json""]","[""no_exercises_listed""]"
C:\Users\diogo\projects\To_Exercises\ExerciseDatabase\matematica\P4_funcoes\1-generalidades_funcoes,metadata.json,,P4_funcoes,,1-generalidades_funcoes,"Conceitos fundamentais sobre funções reais de variável real, incluindo definição, domínio, contradomínio, imagem e representações.","[""definicao"", ""dominio"", ""contradominio"", ""imagem"", ""funcao""]",1,3,False,0,[],"[""MAT_P4FUNCOE_1GEN_001.json""]","[""missing_disciplina"", ""missing_conceito"", ""no_exercises_listed""]"
C:\Users\diogo\projects\To_Exercises\ExerciseDatabase\matematica\P4_funcoes\1-generalidades_funcoes\afirmacao_causal,metadata.json,,,,afirmacao_causal,,[],,,False,3,"[""MAT_P4FUNCOE_1GX_ACX_001"", ""MAT_P4FUNCOE_1GX_ACX_002"", ""MAT_P4FUNCOE_1GX_ACA_001""]",[],"[""missing_disciplina"", ""missing_tema"", ""missing_conceito""]"
C:\Users\diogo\projects\To_Exercises\ExerciseDatabase\matematica\P4_funcoes\1-generalidades_funcoes\afirmacoes_causais,MAT_P4FUNCOE_1GFUN_AFC_001.json,matematica,P4_funcoes,1-generalidades_funcoes,afirmacoes_causais,,"[""afirmacoes_causais"", ""funcoes"", ""relacoes_causais"", ""analise_matematica""]",,,False,0,[],"[""metadata.json""]","[""no_exercises_listed""]"
C:\Users\diogo\projects\To_Exercises\ExerciseDatabase\matematica\P4_funcoes\1-generalidades_funcoes\afirmacoes_causais,metadata.json,matematica,P4_funcoes,1-generalidades_funcoes,afirmacoes_causais,"Exercícios que envolvem análise de afirmações causais relacionadas a funções, como relações entre variáveis dependentes e independentes.","[""afirmacoes_causais"", ""funcoes"", ""relacoes_causais"", ""analise_matematica""]",2,4,False,1,"[""MAT_P4FUNCOE_1GFUN_AFC_001""]","[""MAT_P4FUNCOE_1GFUN_AFC_001.json""]",[]
C:\Users\diogo\projects\To_Exercises\ExerciseDatabase\matematica\P4_funcoes\1-generalidades_funcoes\afirmacoes_causais_despesa_preco,metadata.json,,,,afirmacoes_causais_despesa_preco,,[],,,False,1,"[""MAT_P4FUNCOE_1GX_ACD_001""]",[],"[""missing_disciplina"", ""missing_tema"", ""missing_conceito""]"
C:\Users\diogo\projects\To_Exercises\ExerciseDatabase\matematica\P4_funcoes\1-generalidades_funcoes\afirmacoes_causais_monotonicidade,metadata.json,,,,afirmacoes_causais_monotonicidade,,[],,,False,2,"[""MAT_P4FUNCOE_1GX_ACM_001"", ""MAT_P4FUNCOE_1GX_ACM_002""]",[],"[""missing_disciplina"", ""missing_tema"", ""missing_conceito""]"
C:\Users\diogo\projects\To_Exercises\ExerciseDatabase\matematica\P4_funcoes\1-generalidades_funcoes\afirmacoes_causais_relacoes,metadata.json,,,,afirmacoes_causais_relacoes,,[],,,False,1,"[""MAT_P4FUNCOE_1GX_ACR_001""]",[],"[""missing_disciplina"", ""missing_tema"", ""missing_conceito""]"
C:\Users\diogo\projects\To_Exercises\ExerciseDatabase\matematica\P4_funcoes\1-generalidades_funcoes\afirmacoes_contexto,metadata.json,,,,afirmacoes_contexto,,[],,,False,1,"[""MAT_P4FUNCOE_1GX_ACX_001""]",[],"[""missing_disciplina"", ""missing_tema"", ""missing_conceito""]"
C:\Users\diogo\projects\To_Exercises\ExerciseDatabase\matematica\P4_funcoes\1-generalidades_funcoes\afirmacoes_contextuais,metadata.json,,,,afirmacoes_contextuais,,[],,,False,1,"[""MAT_P4FUNCOE_1GX_ACX_001""]",[],"[""missing_disciplina"", ""missing_tema"", ""missing_conceito""]"
C:\Users\diogo\projects\To_Exercises\ExerciseDatabase\matematica\P4_funcoes\1-generalidades_funcoes\afirmacoes_relacionais,MAT_P4FUNCOE_1GEN_AR_001.json,,,,afirmacoes_relacionais,,"[""afirmacoes"", ""relacoes"", ""economia"", ""generalidades""]",,,False,0,[],"[""MAT_P4FUNCOE_1GX_ARX_002.json"", ""metadata.json""]","[""missing_disciplina"", ""missing_tema"", ""missing_conceito"", ""no_exercises_listed""]"
C:\Users\diogo\projects\To_Exercises\ExerciseDatabase\matematica\P4_funcoes\1-generalidades_funcoes\afirmacoes_relacionais,MAT_P4FUNCOE_1GX_ARX_002.json,,P4_funcoes,1-generalidades_funcoes,afirmacoes_relacionais,,"[""afirmacoes"", ""verdadeiro_falso"", ""preco"", ""despesa"", ""funcoes"", ""crescente"", ""injetiva""]",,,False,0,[],"[""MAT_P4FUNCOE_1GEN_AR_001.json"", ""metadata.json""]","[""missing_disciplina"", ""no_exercises_listed""]"
C:\Users\diogo\projects\To_Exercises\ExerciseDatabase\matematica\P4_funcoes\1-generalidades_funcoes\afirmacoes_relacionais,metadata.json,,,,afirmacoes_relacionais,,[],,,False,5,"[""MAT_P4FUNCOE_1GX_ARX_001"", ""MAT_P4FUNCOE_1GX_ARX_002"", ""MAT_P4FUNCOE_1GEN_AR_001""]","[""MAT_P4FUNCOE_1GEN_AR_001.json"", ""MAT_P4FUNCOE_1GX_ARX_002.json""]","[""missing_disciplina"", ""missing_tema"", ""missing_conceito""]"
C:\Users\diogo\projects\To_Exercises\ExerciseDatabase\matematica\P4_funcoes\1-generalidades_funcoes\afirmacoes_verdadeiro_falso,MAT_P4FUNCOE_1GX_AVF_001.json,,P4_funcoes,1-generalidades_funcoes,afirmacoes_verdadeiro_falso,,"[""afirmacoes"", ""preco"", ""despesa"", ""verdadeiro_falso""]",,,False,0,[],"[""metadata.json""]","[""missing_disciplina"", ""no_exercises_listed""]"
C:\Users\diogo\projects\To_Exercises\ExerciseDatabase\matematica\P4_funcoes\1-generalidades_funcoes\afirmacoes_verdadeiro_falso,metadata.json,matematica,P4_funcoes,1-generalidades_funcoes,afirmacoes_verdadeiro_falso,"Exercícios onde os alunos avaliam afirmações (V/F) sobre relações entre preço, quantidade e despesa.","[""afirmacoes"", ""verdadeiro_falso"", ""preco"", ""despesa""]",1,3,False,0,[],"[""MAT_P4FUNCOE_1GX_AVF_001.json""]","[""no_exercises_listed""]"
C:\Users\diogo\projects\To_Exercises\ExerciseDatabase\matematica\P4_funcoes\1-generalidades_funcoes\analise_afirmacoes,MAT_P4FUNCOE_1GX_AAF_001.json,,,,exercise,,"[""analise"", ""afirmacoes"", ""preco"", ""despesa""]",,,False,0,[],"[""metadata.json""]","[""missing_disciplina"", ""missing_tema"", ""missing_conceito"", ""no_exercises_listed""]"
C:\Users\diogo\projects\To_Exercises\ExerciseDatabase\matematica\P4_funcoes\1-generalidades_funcoes\analise_afirmacoes,metadata.json,matematica,P4_funcoes,1-generalidades_funcoes,analise_afirmacoes,Exercícios nos quais o aluno analisa afirmações sobre relações entre preço e despesa total e decide se são verdadeiras ou falsas.,"[""analise"", ""afirmacoes"", ""contexto_real"", ""preco"", ""despesa""]",1,3,False,1,"[""MAT_P4FUNCOE_1GX_AAF_001""]","[""MAT_P4FUNCOE_1GX_AAF_001.json""]",[]
C:\Users\diogo\projects\To_Exercises\ExerciseDatabase\matematica\P4_funcoes\1-generalidades_funcoes\interpretacao_contexto,metadata.json,,,,interpretacao_contexto,,[],,,False,47,"[""MAT_P4FUNCOE_1GX_ICX_001"", ""MAT_P4FUNCOE_1GX_ICX_002"", ""MAT_P4FUNCOE_1GX_ICX_003""]",[],"[""missing_disciplina"", ""missing_tema"", ""missing_conceito""]"
C:\Users\diogo\projects\To_Exercises\ExerciseDatabase\matematica\P4_funcoes\1-generalidades_funcoes\juizo_causal,MAT_P4FUNCOE_1GX_JCM_001.json,,,,juizo_causal,,"[""juizo"", ""causal"", ""monotonicidade"", ""preco"", ""despesa""]",,,False,0,[],"[""metadata.json""]","[""missing_disciplina"", ""missing_tema"", ""missing_conceito"", ""no_exercises_listed""]"
C:\Users\diogo\projects\To_Exercises\ExerciseDatabase\matematica\P4_funcoes\1-generalidades_funcoes\juizo_causal,metadata.json,,,,juizo_causal,,[],,,False,1,"[""MAT_P4FUNCOE_1GX_JCM_001""]","[""MAT_P4FUNCOE_1GX_JCM_001.json""]","[""missing_disciplina"", ""missing_tema"", ""missing_conceito""]"
C:\Users\diogo\projects\To_Exercises\ExerciseDatabase\matematica\P4_funcoes\1-generalidades_funcoes\reconhecimento_variaveis,metadata.json,,,,reconhecimento_variaveis,,[],,,False,7,"[""MAT_P4FUNCOE_1GX_RVX_001"", ""MAT_P4FUNCOE_1GX_RVX_002"", ""MAT_P4FUNCOE_1GX_RVX_003""]",[],"[""missing_disciplina"", ""missing_tema"", ""missing_conceito""]"
C:\Users\diogo\projects\To_Exercises\ExerciseDatabase\matematica\P4_funcoes\1-generalidades_funcoes\relacao_causal,metadata.json,,,,relacao_causal,,[],,,False,2,"[""MAT_P4FUNCOE_1GX_RCX_001"", ""MAT_P4FUNCOE_1GX_RCA_001""]",[],"[""missing_disciplina"", ""missing_tema"", ""missing_conceito""]"
C:\Users\diogo\projects\To_Exercises\ExerciseDatabase\matematica\P4_funcoes\1-generalidades_funcoes\relacoes_causa_efeito,metadata.json,,,,relacoes_causa_efeito,,[],,,False,3,"[""MAT_P4FUNCOE_1GX_RCE_001"", ""MAT_P4FUNCOE_1GX_RCE_002"", ""MAT_P4FUNCOE_1GX_RCE_003""]",[],"[""missing_disciplina"", ""missing_tema"", ""missing_conceito""]"
C:\Users\diogo\projects\To_Exercises\ExerciseDatabase\matematica\P4_funcoes\1-generalidades_funcoes\test_logging,metadata.json,,,,test_logging,,[],,,False,10,"[""MAT_P4FUNCOE_1GX_TLX_001"", ""MAT_P4FUNCOE_1GX_TLX_002"", ""MAT_P4FUNCOE_1GX_TLX_003""]",[],"[""missing_disciplina"", ""missing_tema"", ""missing_conceito""]"
C:\Users\diogo\projects\To_Exercises\ExerciseDatabase\matematica\P4_funcoes\1-generalidades_funcoes\test_payload_file,metadata.json,,,,test_payload_file,,[],,,False,0,[],[],"[""missing_disciplina"", ""missing_tema"", ""missing_conceito"", ""no_exercises_listed""]"
C:\Users\diogo\projects\To_Exercises\ExerciseDatabase\matematica\P4_funcoes\1-generalidades_funcoes\test_wrapper_integration,metadata.json,,,,test_wrapper_integration,,[],,,False,2,"[""MAT_P4FUNCOE_1GX_TWI_001"", ""GEN_20251202_163114""]",[],"[""missing_disciplina"", ""missing_tema"", ""missing_conceito""]"
C:\Users\diogo\projects\To_Exercises\ExerciseDatabase\matematica\P4_funcoes\1-generalidades_funcoes\tipo_novo,metadata.json,,,,tipo_novo,,[],,,False,1,"[""MAT_P4FUNCOE_1GX_TNX_001""]",[],"[""missing_disciplina"", ""missing_tema"", ""missing_conceito""]"
C:\Users\diogo\projects\To_Exercises\ExerciseDatabase\matematica\P4_funcoes\1-intervalo_real\pertinencia_intervalo,metadata.json,,,,pertinencia_intervalo,,[],,,False,13,"[""MAT_P4FUNCOE_1IX_PIX_001"", ""MAT_P4FUNCOE_1IX_PIX_002"", ""MAT_P4FUNCOE_1IX_PIX_003""]",[],"[""missing_disciplina"", ""missing_tema"", ""missing_conceito""]"
C:\Users\diogo\projects\To_Exercises\ExerciseDatabase\matematica\P4_funcoes\2-funcoes_polinomiais,MAT_P4FUNCOE_2FUN_001.json,matematica,P4_funcoes,2-funcoes_polinomiais,MAT_P4FUNCOE_2FUN_001,,[],2,2,False,0,[],"[""MAT_P4FUNCOE_2FUN_002.json"", ""metadata.json""]","[""no_exercises_listed""]"
C:\Users\diogo\projects\To_Exercises\ExerciseDatabase\matematica\P4_funcoes\2-funcoes_polinomiais,MAT_P4FUNCOE_2FUN_002.json,matematica,P4_funcoes,2-funcoes_polinomiais,MAT_P4FUNCOE_2FUN_002,,"[""equacao_quadratica"", ""raizes"", ""parabola"", ""interpretacao_geometrica""]",3,3,False,0,[],"[""MAT_P4FUNCOE_2FUN_001.json"", ""metadata.json""]","[""no_exercises_listed""]"
C:\Users\diogo\projects\To_Exercises\ExerciseDatabase\matematica\P4_funcoes\2-funcoes_polinomiais,metadata.json,,P4_funcoes,,2-funcoes_polinomiais,"Estudo das funções polinomiais, suas propriedades, coeficientes, grau e operações básicas.","[""polinomio"", ""coeficientes"", ""grau"", ""funcao_polinomial"", ""equacao_quadratica"", ""raizes"", ""parabola""]",2,3,False,0,[],"[""MAT_P4FUNCOE_2FUN_001.json"", ""MAT_P4FUNCOE_2FUN_002.json""]","[""missing_disciplina"", ""missing_conceito"", ""no_exercises_listed""]"
C:\Users\diogo\projects\To_Exercises\ExerciseDatabase\matematica\P4_funcoes\3-funcoes_polinomiais_grau_nao_superior_3,MAT_P4FUNCOE_3FUN_001.json,matematica,P4_funcoes,3-funcoes_polinomiais_grau_nao_superior_3,MAT_P4FUNCOE_3FUN_001,,[],2,2,False,0,[],"[""metadata.json""]","[""no_exercises_listed""]"
C:\Users\diogo\projects\To_Exercises\ExerciseDatabase\matematica\P4_funcoes\3-funcoes_polinomiais_grau_nao_superior_3,metadata.json,,P4_funcoes,,3-funcoes_polinomiais_grau_nao_superior_3,"Estudo detalhado de funções lineares, quadráticas e cúbicas, incluindo representação gráfica, zeros e análise de propriedades.","[""grau_ate_3"", ""linear"", ""quadratica"", ""cubica"", ""grafico""]",2,4,False,0,[],"[""MAT_P4FUNCOE_3FUN_001.json""]","[""missing_disciplina"", ""missing_conceito"", ""no_exercises_listed""]"
C:\Users\diogo\projects\To_Exercises\ExerciseDatabase\matematica\P4_funcoes\4-funcao_inversa,metadata.json,,P4_funcoes,,4-funcao_inversa,"Conceito de função inversa, condições de existência (injetividade), determinação analítica e gráfica, simetria e propriedades.","[""inversa"", ""injetividade"", ""sobrejetividade"", ""simetria"", ""bijecao""]",3,5,False,0,[],[],"[""missing_disciplina"", ""missing_conceito"", ""no_exercises_listed""]"
C:\Users\diogo\projects\To_Exercises\ExerciseDatabase\matematica\P4_funcoes\4-funcao_inversa\determinacao_analitica,metadata.json,matematica,P4_funcoes,4-funcao_inversa,determinacao_analitica,Exercícios focados no cálculo da expressão analítica da função inversa através de manipulação algébrica.,"[""calculo_analitico"", ""expressao_analitica"", ""algebra"", ""resolucao_equacao""]",2,4,True,5,"[""MAT_P4FUNCOE_4FX_DAX_006"", ""MAT_P4FUNCOE_4FX_DAX_018"", ""MAT_P4FUNCOE_4FX_DAX_019""]","[""_meta.json""]",[]
C:\Users\diogo\projects\To_Exercises\ExerciseDatabase\matematica\P4_funcoes\4-funcao_inversa\determinacao_analitica,_meta.json,,,,1,,[],,,False,0,[],"[""metadata.json""]","[""missing_disciplina"", ""missing_tema"", ""missing_conceito"", ""no_exercises_listed""]"
C:\Users\diogo\projects\To_Exercises\ExerciseDatabase\matematica\P4_funcoes\4-funcao_inversa\determinacao_analitica\MAT_P4FUNCOE_4FIN_ANA_001,exercise.json,,,,,,[],,,False,0,[],[],"[""missing_disciplina"", ""missing_tema"", ""missing_conceito"", ""no_exercises_listed""]"
C:\Users\diogo\projects\To_Exercises\ExerciseDatabase\matematica\P4_funcoes\4-funcao_inversa\determinacao_analitica\MAT_P4FUNCOE_4FIN_ANA_002,exercise.json,,,,,,[],,,False,0,[],[],"[""missing_disciplina"", ""missing_tema"", ""missing_conceito"", ""no_exercises_listed""]"
C:\Users\diogo\projects\To_Exercises\ExerciseDatabase\matematica\P4_funcoes\4-funcao_inversa\determinacao_analitica\MAT_P4FUNCOE_4FX_DAX_003,exercise.json,,,,,,[],,,False,0,[],[],"[""missing_disciplina"", ""missing_tema"", ""missing_conceito"", ""no_exercises_listed""]"
C:\Users\diogo\projects\To_Exercises\ExerciseDatabase\matematica\P4_funcoes\4-funcao_inversa\determinacao_analitica_plus_grafica,metadata.json,matematica,P4_funcoes,4-funcao_inversa,determinacao_analitica,"Exercícios focados no cálculo da expressão analítica da função inversa através de manipulação algébrica. Posteriormente, é solicitada a confirmação gráfica da função inversa encontrada.","[""calculo_analitico"", ""expressao_analitica"", ""algebra"", ""resolucao_equacao""]",2,4,False,0,[],[],"[""no_exercises_listed""]"
C:\Users\diogo\projects\To_Exercises\ExerciseDatabase\matematica\P4_funcoes\4-funcao_inversa\determinacao_grafica,metadata.json,matematica,P4_funcoes,4-funcao_inversa,determinacao_grafica,Exercícios focados na obtenção do gráfico da função inversa através da simetria em relação à bissetriz dos quadrantes ímpares.,"[""grafico"", ""simetria"", ""bissectriz"", ""representacao_grafica""]",2,3,False,0,[],[],"[""no_exercises_listed""]"
C:\Users\diogo\projects\To_Exercises\ExerciseDatabase\matematica\P4_funcoes\4-funcao_inversa\teste_reta_horizontal,metadata.json,matematica,P4_funcoes,4-funcao_inversa,teste_reta_horizontal,Exercícios sobre análise da existência de função inversa usando o teste da reta horizontal (verificação de injetividade).,"[""injetividade"", ""teste_reta_horizontal"", ""analise_grafica"", ""condicao_existencia""]",2,3,False,0,[],[],"[""no_exercises_listed""]"
