type,name,module,path,hash
"csv","agent-manifest","_cfg","bmad/_cfg/agent-manifest.csv","53ddd0bb80a803f04076ccde1c3cde6f0646f7e64b9cc4d73ddc48f5f1d761c9"
"csv","task-manifest","_cfg","bmad/_cfg/task-manifest.csv","03cb275e97383d278d8b3fb287d251b87b3c7792d173b187345d2c5aa0282833"
"csv","workflow-manifest","_cfg","bmad/_cfg/workflow-manifest.csv","6bbb5cfd495eb5cb4ab110f9af0942f8c39068763f7fa9dfeb72b1b144f5e1c8"
"yaml","manifest","_cfg","bmad/_cfg/manifest.yaml","1974c1b80b2a0516f1438ee5ffacc3b3fbe7983af11b64b695e54ecb80c7dbe9"
"csv","common-workflow-tools","bmb","bmad/bmb/docs/workflows/common-workflow-tools.csv","2e260731d6afb2c7a21868be5c32fc041f0a0da2021275729ea8e9db34ff952a"
"csv","communication-presets","bmb","bmad/bmb/workflows/create-agent/data/communication-presets.csv","1d40b718418c672b19700516f03479dce199fb3646ff26250536e42113a91224"
"csv","dietary-restrictions","bmb","bmad/bmb/reference/workflows/meal-prep-nutrition/data/dietary-restrictions.csv","ccde18712553d55ea63ca85d6d1f10e74086d4f47a03dec65141d4bb9942592b"
"csv","dietary-restrictions","bmb","bmad/bmb/workflows/create-agent/data/reference/workflows/meal-prep-nutrition/data/dietary-restrictions.csv","ccde18712553d55ea63ca85d6d1f10e74086d4f47a03dec65141d4bb9942592b"
"csv","kb","bmb","bmad/bmb/docs/agents/kb.csv","e3b0c44298fc1c149afbf4c8996fb92427ae41e4649b934ca495991b7852b855"
"csv","kb","bmb","bmad/bmb/docs/workflows/kb.csv","e3b0c44298fc1c149afbf4c8996fb92427ae41e4649b934ca495991b7852b855"
"csv","macro-calculator","bmb","bmad/bmb/reference/workflows/meal-prep-nutrition/data/macro-calculator.csv","6f218ae98911f5c2200a72c94cf85a45a4928a6d3208a23acf9c2e34b06e494c"
"csv","macro-calculator","bmb","bmad/bmb/workflows/create-agent/data/reference/workflows/meal-prep-nutrition/data/macro-calculator.csv","6f218ae98911f5c2200a72c94cf85a45a4928a6d3208a23acf9c2e34b06e494c"
"csv","recipe-database","bmb","bmad/bmb/reference/workflows/meal-prep-nutrition/data/recipe-database.csv","f97b38bc7405369cfd8a7d88b39708af8df2bcb9c9867313aef9e8b555291e88"
"csv","recipe-database","bmb","bmad/bmb/workflows/create-agent/data/reference/workflows/meal-prep-nutrition/data/recipe-database.csv","f97b38bc7405369cfd8a7d88b39708af8df2bcb9c9867313aef9e8b555291e88"
"js","installer","bmb","bmad/bmb/workflows-legacy/create-module/installer-templates/installer.js","309ecdf2cebbb213a9139e5b7780d0d42bd60f665c497691773f84202e6667a7"
"md","agent_commands","bmb","bmad/bmb/workflows/create-agent/templates/agent_commands.md","e65ed1674b8064467059adaf5432aabf937a5420e7a59801f2c1e166766f403a"
"md","agent_persona","bmb","bmad/bmb/workflows/create-agent/templates/agent_persona.md","a4da0b314ac04a59e574f78948d9527591f1327ffc648f0e82b56c9c5f5e2273"
"md","agent_purpose_and_type","bmb","bmad/bmb/workflows/create-agent/templates/agent_purpose_and_type.md","e7b69190e3ef74319ebc26be12405c0a4bcfb6fb079d65ec545392237e799711"
"md","agent-compilation","bmb","bmad/bmb/docs/agents/agent-compilation.md","086c8637f4ba4da311cce248ee159f2ab6c3606e732ecbdba288d27733aa387b"
"md","agent-menu-patterns","bmb","bmad/bmb/docs/agents/agent-menu-patterns.md","323839de2f384b920786c57c6053a5e9c833a9df89ec60fb613b67d67e84b1b6"
"md","agent-validation-checklist","bmb","bmad/bmb/workflows/create-agent/data/agent-validation-checklist.md","7b1172ac27735a8adcd02448692b652bd6d089fdab3ea667b5bec7c724f240e9"
"md","architecture","bmb","bmad/bmb/docs/workflows/architecture.md","1a329e9bae96050d0416a92e5c54567cf978506456082885a10bc20375ce04de"
"md","assessment-section","bmb","bmad/bmb/reference/workflows/meal-prep-nutrition/templates/assessment-section.md","9fa8380217ce2ecb29e05d4023e0e5c17c84b5880e9af92df45a57a7dc2f2fb1"
"md","assessment-section","bmb","bmad/bmb/workflows/create-agent/data/reference/workflows/meal-prep-nutrition/templates/assessment-section.md","9fa8380217ce2ecb29e05d4023e0e5c17c84b5880e9af92df45a57a7dc2f2fb1"
"md","bmad-builder","bmb","bmad/bmb/agents/bmad-builder.md","e7335378f43b44e86f384244e7a78101485cd8b9495024667c1092670bf0bbe2"
"md","brainstorm-context","bmb","bmad/bmb/workflows/create-agent/data/brainstorm-context.md","576d7a02935ef4e34bdc6476527b658d954bb490b8d09b09ef7e0cf58712d96f"
"md","brainstorm-context","bmb","bmad/bmb/workflows-legacy/create-module/brainstorm-context.md","62b902177d2cb56df2d6a12e5ec5c7d75ec94770ce22ac72c96691a876ed2e6a"
"md","breakthroughs","bmb","bmad/bmb/reference/agents/expert-examples/journal-keeper/journal-keeper-sidecar/breakthroughs.md","f7eaba2c3f5f721d84bb9dc560f50840e79daeee026a139fe74aecccb5fd20c7"
"md","breakthroughs","bmb","bmad/bmb/workflows/create-agent/data/reference/agents/expert-examples/journal-keeper/journal-keeper-sidecar/breakthroughs.md","f7eaba2c3f5f721d84bb9dc560f50840e79daeee026a139fe74aecccb5fd20c7"
"md","build-summary","bmb","bmad/bmb/workflows/create-workflow/templates/build-summary.md","c944ecf70fbc175192a97f23f6f476a975ffb906b57948acedebd2269e0b057d"
"md","checklist","bmb","bmad/bmb/workflows-legacy/create-module/checklist.md","390ee399d88fa82878d52823b8287945b11678b4ef57d24007b337aeb24d8f59"
"md","checklist","bmb","bmad/bmb/workflows-legacy/edit-module/checklist.md","9ec5effa452738188382096a6b54d2cc6f8d0307a378074c8f22fae95aed35a8"
"md","checklist","bmb","bmad/bmb/workflows-legacy/module-brief/checklist.md","4710f9c7e48a1cb29b225d43955bf313271dc7f9bb471bfecb1a8edf5f57a10a"
"md","completion-section","bmb","bmad/bmb/workflows/create-workflow/templates/completion-section.md","42315dacd1e7f4e7387c4e217968ecedd4980ec313f5627e485edaaadc0bba53"
"md","completion-summary","bmb","bmad/bmb/workflows/edit-workflow/templates/completion-summary.md","5fb732313bbf466c106e59c2c5d16d92be6e4f2a749fbd4f3d99415bddbeea1c"
"md","compliance-report","bmb","bmad/bmb/workflows/workflow-compliance-check/templates/compliance-report.md","01184bebdad49cc5b9a188f27b6998e7834de5c4dcdaa4f3d9f827a1b46d7037"
"md","content-template","bmb","bmad/bmb/workflows/create-workflow/templates/content-template.md","eb010c311fddf1f36ea3f6a3ea4137d9a31d207861253bdff0c5d8107a19e33b"
"md","csv-data-file-standards","bmb","bmad/bmb/docs/workflows/csv-data-file-standards.md","96fcc0e54f5607044adf0f50b10a5a74c12331b71469d5574765e635988406eb"
"md","design-section","bmb","bmad/bmb/workflows/create-workflow/templates/design-section.md","2d6f57df0b94916194801ffae1261fb4d8c2b864179d52ef230ef142ea705e13"
"md","expert-agent-architecture","bmb","bmad/bmb/docs/agents/expert-agent-architecture.md","79f02c8ddd86318ab62c0900b5c398a64e5e68b684e0349e35a2d2c262b7f659"
"md","improvement-goals","bmb","bmad/bmb/workflows/edit-workflow/templates/improvement-goals.md","d4f0b61a4a7327388ee23fac02e0cb3bf5fb34780f63d439aa060bc65a43fef4"
"md","improvement-log","bmb","bmad/bmb/workflows/edit-workflow/templates/improvement-log.md","3487cd5e19c56696e8c4bb92e45ee77a3f76bb70bb26509f751e39a7bdc79ca2"
"md","index","bmb","bmad/bmb/docs/agents/index.md","c9d5170e93a53af426d6f95f43c506780ac39b0fcbe725adb84a2e7c3f3fd989"
"md","index","bmb","bmad/bmb/docs/workflows/index.md","43f56996ccd0aa559bf54c7bdc490b2506ccff3f019b3dc6cd87669ae9e47a2c"
"md","info-and-installation-guide","bmb","bmad/bmb/workflows/create-agent/data/info-and-installation-guide.md","8837bc1339f9a9f0585b92120f597b4b6cda582e2d3d3ce08ebc082b0442c55b"
"md","instructions","bmb","bmad/bmb/reference/agents/expert-examples/journal-keeper/journal-keeper-sidecar/instructions.md","2875b03e1f6bde4e6af943fb869cae427047d3b1780815f0a88bb72427f9d644"
"md","instructions","bmb","bmad/bmb/workflows/create-agent/data/reference/agents/expert-examples/journal-keeper/journal-keeper-sidecar/instructions.md","2875b03e1f6bde4e6af943fb869cae427047d3b1780815f0a88bb72427f9d644"
"md","instructions","bmb","bmad/bmb/workflows-legacy/create-module/instructions.md","e320b181ff0a9349853e2a085aead7ccfafada2be61e18551d63da0c663752f6"
"md","instructions","bmb","bmad/bmb/workflows-legacy/edit-module/instructions.md","6de15d10bba95eb6f5fc82c085de2c4d3f081e1c0bafe1133958fba87012bbe2"
"md","instructions","bmb","bmad/bmb/workflows-legacy/module-brief/instructions.md","3ad63171152b16dea6c1b13939d451549ee85921adf0936d40d8b9f590a07b73"
"md","intent-vs-prescriptive-spectrum","bmb","bmad/bmb/docs/workflows/intent-vs-prescriptive-spectrum.md","def3cd9e350556da9c602db93b2db34b9aa96d965ef51ab85499c414d4ea1564"
"md","memories","bmb","bmad/bmb/reference/agents/expert-examples/journal-keeper/journal-keeper-sidecar/memories.md","4b5a835195284352544641a2bfd66a98dd51f714cc0059e034842f9d07d32aa6"
"md","memories","bmb","bmad/bmb/workflows/create-agent/data/reference/agents/expert-examples/journal-keeper/journal-keeper-sidecar/memories.md","4b5a835195284352544641a2bfd66a98dd51f714cc0059e034842f9d07d32aa6"
"md","module-agent-architecture","bmb","bmad/bmb/docs/agents/module-agent-architecture.md","e6013812aba78c50695126786aafd9770e9f65888a63885add4c751b76160559"
"md","module-structure","bmb","bmad/bmb/workflows-legacy/create-module/module-structure.md","92bdbc80910c6cb0b350e62bf47b9110c01b8eae32dcffb838e00bb8a1a68a28"
"md","mood-patterns","bmb","bmad/bmb/reference/agents/expert-examples/journal-keeper/journal-keeper-sidecar/mood-patterns.md","40d9ca8c95efc1b121421df018e0d5f58010a32e250e60bb6f1c8f59530cff8d"
"md","mood-patterns","bmb","bmad/bmb/workflows/create-agent/data/reference/agents/expert-examples/journal-keeper/journal-keeper-sidecar/mood-patterns.md","40d9ca8c95efc1b121421df018e0d5f58010a32e250e60bb6f1c8f59530cff8d"
"md","nutrition-plan","bmb","bmad/bmb/reference/workflows/meal-prep-nutrition/templates/nutrition-plan.md","8622904f32a9de6e4a85059daa62f7a1277000df48d82b17eddfb39f25eb5a7d"
"md","nutrition-plan","bmb","bmad/bmb/workflows/create-agent/data/reference/workflows/meal-prep-nutrition/templates/nutrition-plan.md","8622904f32a9de6e4a85059daa62f7a1277000df48d82b17eddfb39f25eb5a7d"
"md","prep-schedule-section","bmb","bmad/bmb/reference/workflows/meal-prep-nutrition/templates/prep-schedule-section.md","1c770d8deb07863adee05fe91114ffe2f9b0d366d653f554c2cb39a847d3d3ed"
"md","prep-schedule-section","bmb","bmad/bmb/workflows/create-agent/data/reference/workflows/meal-prep-nutrition/templates/prep-schedule-section.md","1c770d8deb07863adee05fe91114ffe2f9b0d366d653f554c2cb39a847d3d3ed"
"md","profile-section","bmb","bmad/bmb/reference/workflows/meal-prep-nutrition/templates/profile-section.md","8f2df3ab5d41f229f401b153d54d67818e3205ef06b7ca5cfc6439f21112be74"
"md","profile-section","bmb","bmad/bmb/workflows/create-agent/data/reference/workflows/meal-prep-nutrition/templates/profile-section.md","8f2df3ab5d41f229f401b153d54d67818e3205ef06b7ca5cfc6439f21112be74"
"md","project-info","bmb","bmad/bmb/workflows/create-workflow/templates/project-info.md","2733cc4c3c18bff82c6e681294988b22bfa16be15a627d5a5ffe873aefb93f0a"
"md","README","bmb","bmad/bmb/README.md","73b4d02167e7eb6e86ec0052c3e56e19f9a66fe0fa5390814752183a186f51c3"
"md","README","bmb","bmad/bmb/reference/agents/expert-examples/journal-keeper/README.md","4d8fb27d4e0993d9a60d21a19c92806bc1cb10488b4c203d688b8b636b01782b"
"md","README","bmb","bmad/bmb/reference/agents/module-examples/README.md","d1f6842e41c6b7d6244401e69785a9a06dbf41f61084f9f101e4b8a012c92932"
"md","README","bmb","bmad/bmb/reference/agents/simple-examples/README.md","645ad486a3cf20b6e57d60255571c890a57af59522b42e675a553ba8cdc38b2b"
"md","README","bmb","bmad/bmb/reference/README.md","fd0dcb1c9acd089b6855dcfc89a74c9c27e4b1637d3c2c2e8db4cde2fb1140eb"
"md","README","bmb","bmad/bmb/workflows/create-agent/data/reference/agents/expert-examples/journal-keeper/README.md","4d8fb27d4e0993d9a60d21a19c92806bc1cb10488b4c203d688b8b636b01782b"
"md","README","bmb","bmad/bmb/workflows/create-agent/data/reference/agents/module-examples/README.md","d1f6842e41c6b7d6244401e69785a9a06dbf41f61084f9f101e4b8a012c92932"
"md","README","bmb","bmad/bmb/workflows/create-agent/data/reference/agents/simple-examples/README.md","645ad486a3cf20b6e57d60255571c890a57af59522b42e675a553ba8cdc38b2b"
"md","README","bmb","bmad/bmb/workflows/create-agent/data/reference/README.md","fd0dcb1c9acd089b6855dcfc89a74c9c27e4b1637d3c2c2e8db4cde2fb1140eb"
"md","README","bmb","bmad/bmb/workflows-legacy/create-module/README.md","a0b98ed25f057fdd8fde81f738a0a92b0c5342da960419ef503583eec8374848"
"md","README","bmb","bmad/bmb/workflows-legacy/edit-module/README.md","dc14d95686b67ce27678b065f56ebe63607c6ad1df3a52d58adfe2e376f90589"
"md","README","bmb","bmad/bmb/workflows-legacy/module-brief/README.md","bab51c3b08fab862c1c86af0e5d9ba3faeb3668fa171b433edb268144db3ad62"
"md","requirements-section","bmb","bmad/bmb/workflows/create-workflow/templates/requirements-section.md","7271ff84c3f84432521cb63ad41f4a0ffe0b64a729f783d8a07ce015b2fbaca9"
"md","review-section","bmb","bmad/bmb/workflows/create-workflow/templates/review-section.md","cc9bb3ded2fb8c1437145f8b2ea63ece771623e67b431e2c5156351c498ff492"
"md","shopping-section","bmb","bmad/bmb/reference/workflows/meal-prep-nutrition/templates/shopping-section.md","8441562d59975a6126e27ef90cb20da97acacd4137b15bf47659c80838101b67"
"md","shopping-section","bmb","bmad/bmb/workflows/create-agent/data/reference/workflows/meal-prep-nutrition/templates/shopping-section.md","8441562d59975a6126e27ef90cb20da97acacd4137b15bf47659c80838101b67"
"md","simple-agent-architecture","bmb","bmad/bmb/docs/agents/simple-agent-architecture.md","69b30895960bf46d5b846134974afe3204bdac80abe3dc1b70ba8058ce3ccb29"
"md","step-01-analyze","bmb","bmad/bmb/workflows/edit-workflow/steps/step-01-analyze.md","a8d6221733a076420a0e7b1a3cf70e1e772a919e748eaeaff1b912edc2d645bc"
"md","step-01-brainstorm","bmb","bmad/bmb/workflows/create-agent/steps/step-01-brainstorm.md","affe72129e5d3c8738f05d6a7022b18a8583de4a5b024e517a9266337e480693"
"md","step-01-discover-intent","bmb","bmad/bmb/workflows/edit-agent/steps/step-01-discover-intent.md","b140d8ad80f7445c9c9af7cea4e4ff2eef44ff1d855df2eff32edd5d92cd57af"
"md","step-01-init","bmb","bmad/bmb/reference/workflows/meal-prep-nutrition/steps/step-01-init.md","ce4b025a958595cef1bdac79494cb4466b422950b0572a8671269e3d5d60f0ed"
"md","step-01-init","bmb","bmad/bmb/workflows/create-agent/data/reference/workflows/meal-prep-nutrition/steps/step-01-init.md","ce4b025a958595cef1bdac79494cb4466b422950b0572a8671269e3d5d60f0ed"
"md","step-01-init","bmb","bmad/bmb/workflows/create-workflow/steps/step-01-init.md","564d005e5733f279916f67631095999245b66d67cf7c9fea068712cabd538cae"
"md","step-01-validate-goal","bmb","bmad/bmb/workflows/workflow-compliance-check/steps/step-01-validate-goal.md","caa923a9c9befc4fd8bba725fe5f26549d00589383f71eb21dad56c0e0ac6681"
"md","step-01b-continue","bmb","bmad/bmb/reference/workflows/meal-prep-nutrition/steps/step-01b-continue.md","0d6d62d9bf6db30bee7f9ff07f320b739d328bfad1a8a9213625fa05b239938e"
"md","step-01b-continue","bmb","bmad/bmb/workflows/create-agent/data/reference/workflows/meal-prep-nutrition/steps/step-01b-continue.md","0d6d62d9bf6db30bee7f9ff07f320b739d328bfad1a8a9213625fa05b239938e"
"md","step-02-analyze-agent","bmb","bmad/bmb/workflows/edit-agent/steps/step-02-analyze-agent.md","96e66288e8332ce4d154b895399890d665931717e64e5fdbc23cdbfc4add35c5"
"md","step-02-discover","bmb","bmad/bmb/workflows/create-agent/steps/step-02-discover.md","0aa20cf2bc32a4b630adaf8ee5c73d31479bc701d2910476405891845fd9040f"
"md","step-02-discover","bmb","bmad/bmb/workflows/edit-workflow/steps/step-02-discover.md","c7c1e1de8e9b040e7fc9b6b3299ce0ac687deb7b08744dc028ff613668e9fa33"
"md","step-02-gather","bmb","bmad/bmb/workflows/create-workflow/steps/step-02-gather.md","0ac0e9fcad90582ebc36cc1507e503f08c58eb76383cb145e1eb24e060f0bc46"
"md","step-02-profile","bmb","bmad/bmb/reference/workflows/meal-prep-nutrition/steps/step-02-profile.md","00ef270aa2795d2ee90852a6d13d85ec31406e1f2227bebdbe3a9c8ae0d51ebe"
"md","step-02-profile","bmb","bmad/bmb/workflows/create-agent/data/reference/workflows/meal-prep-nutrition/steps/step-02-profile.md","00ef270aa2795d2ee90852a6d13d85ec31406e1f2227bebdbe3a9c8ae0d51ebe"
"md","step-02-workflow-validation","bmb","bmad/bmb/workflows/workflow-compliance-check/steps/step-02-workflow-validation.md","55d3e8907081e3bec45de82dea5239b011df95af13d6deebd16f02b577dc989c"
"md","step-03-assessment","bmb","bmad/bmb/reference/workflows/meal-prep-nutrition/steps/step-03-assessment.md","b1be8a48171f1a6679aba3bc862bab2332f884eb49e04b8aff370a69ca1d92ac"
"md","step-03-assessment","bmb","bmad/bmb/workflows/create-agent/data/reference/workflows/meal-prep-nutrition/steps/step-03-assessment.md","b1be8a48171f1a6679aba3bc862bab2332f884eb49e04b8aff370a69ca1d92ac"
"md","step-03-improve","bmb","bmad/bmb/workflows/edit-workflow/steps/step-03-improve.md","c7a22755ed66290b2f45bcd810b143f0ad1b7a4108e46114241e5261a47dc670"
"md","step-03-persona","bmb","bmad/bmb/workflows/create-agent/steps/step-03-persona.md","4f0292d3b46de5cefab505a9424dd299fd7de6d511a4f6aafd9f00a6015d925e"
"md","step-03-propose-changes","bmb","bmad/bmb/workflows/edit-agent/steps/step-03-propose-changes.md","092f1e5bc79f205a6db475d19d5a61bc41e3862e7be56e9eac07bd92b1823f03"
"md","step-03-step-validation","bmb","bmad/bmb/workflows/workflow-compliance-check/steps/step-03-step-validation.md","2b73eb27df3b123527de58bbc9e2c928c5e0d2a5ddcfa455c5000cd4413e3f35"
"md","step-03-tools-overview","bmb","bmad/bmb/workflows/create-workflow/steps/step-03-tools-overview.md","da00bc72b2aaffabf7c5870a30a827bada219f19f9ef21a8c5553f30e456d574"
"md","step-04-apply-changes","bmb","bmad/bmb/workflows/edit-agent/steps/step-04-apply-changes.md","0d90b8e95453f732e1c9414070aebba76959bf207c0c37e471c4091780ab8a69"
"md","step-04-commands","bmb","bmad/bmb/workflows/create-agent/steps/step-04-commands.md","932ab6242bfb85d49d411d623059bbd75cb550204b64a7d34bad2ca54ca9b1c0"
"md","step-04-core-tools","bmb","bmad/bmb/workflows/create-workflow/steps/step-04-core-tools.md","6b6a9218a0d63cf7032b483954d6f2c4b8a4c1692d8fdb68df4f2cb20073eaf6"
"md","step-04-file-validation","bmb","bmad/bmb/workflows/workflow-compliance-check/steps/step-04-file-validation.md","7bea1cb1e540839838c2806998586282c38db040bb9f9b6a5d3b5a3056770512"
"md","step-04-strategy","bmb","bmad/bmb/reference/workflows/meal-prep-nutrition/steps/step-04-strategy.md","e14ca7bf49814701ad8a96abe5d5172b941ab6d5afdb10c8d203b026fd908983"
"md","step-04-strategy","bmb","bmad/bmb/workflows/create-agent/data/reference/workflows/meal-prep-nutrition/steps/step-04-strategy.md","e14ca7bf49814701ad8a96abe5d5172b941ab6d5afdb10c8d203b026fd908983"
"md","step-04-validate","bmb","bmad/bmb/workflows/edit-workflow/steps/step-04-validate.md","031bb23291330a269251c1d55db50b60033bc73efe37f4c6a859f9a4bd21c086"
"md","step-05-compliance-check","bmb","bmad/bmb/workflows/edit-workflow/steps/step-05-compliance-check.md","225ed599e2e8cd865a05a27c5e9ff5d8f31a39283c23b30b4e25a6330c27c58d"
"md","step-05-intent-spectrum-validation","bmb","bmad/bmb/workflows/workflow-compliance-check/steps/step-05-intent-spectrum-validation.md","59c764ae5fb42ac91061435bc421f2099d0e9d7cf94b5d754b3e96be026b09c9"
"md","step-05-memory-requirements","bmb","bmad/bmb/workflows/create-workflow/steps/step-05-memory-requirements.md","1947ec1e16b5ecb90ecd9c2fc60474f3d99e76dd1f6b0fb7fe8fba3af4f54692"
"md","step-05-name","bmb","bmad/bmb/workflows/create-agent/steps/step-05-name.md","8f32e922c7bdc703484f9b65794e0d4170aba1cc3aae45ad4693655c3b4102cb"
"md","step-05-shopping","bmb","bmad/bmb/reference/workflows/meal-prep-nutrition/steps/step-05-shopping.md","026bf42dfe80fdc600c484c4d5065ed4002149473eb94d2f9d9f70f8d4883d3c"
"md","step-05-shopping","bmb","bmad/bmb/workflows/create-agent/data/reference/workflows/meal-prep-nutrition/steps/step-05-shopping.md","026bf42dfe80fdc600c484c4d5065ed4002149473eb94d2f9d9f70f8d4883d3c"
"md","step-05-validate","bmb","bmad/bmb/workflows/edit-agent/steps/step-05-validate.md","724486806a7bba7a5adf68cb3eb1d1cd7d6920df2a9b2f31625cf1eaba81dd7d"
"md","step-06-build","bmb","bmad/bmb/workflows/create-agent/steps/step-06-build.md","ad385580969f2f1528964862c0e67e8ad9fb6df5fae321fdd50f107b68595a81"
"md","step-06-external-tools","bmb","bmad/bmb/workflows/create-workflow/steps/step-06-external-tools.md","2f453dbb5695247840ba7be2bfd35007d3dc6f9c174537634b43b6d2fefaa3e0"
"md","step-06-prep-schedule","bmb","bmad/bmb/reference/workflows/meal-prep-nutrition/steps/step-06-prep-schedule.md","73e5fc9289e8c6212113affc316dc5867f17f496740e416eb42a9e8f6e08ad69"
"md","step-06-prep-schedule","bmb","bmad/bmb/workflows/create-agent/data/reference/workflows/meal-prep-nutrition/steps/step-06-prep-schedule.md","73e5fc9289e8c6212113affc316dc5867f17f496740e416eb42a9e8f6e08ad69"
"md","step-06-web-subprocess-validation","bmb","bmad/bmb/workflows/workflow-compliance-check/steps/step-06-web-subprocess-validation.md","17f36c86d37afa086b76f62a9bd091742930a8fa4cf5dda6b01dd41dee588685"
"md","step-07-holistic-analysis","bmb","bmad/bmb/workflows/workflow-compliance-check/steps/step-07-holistic-analysis.md","a2351d26e5d01bf0884b2aac789396e5e4279983e4bdfa830f5de8845f75c257"
"md","step-07-installation-guidance","bmb","bmad/bmb/workflows/create-workflow/steps/step-07-installation-guidance.md","065742625d4bda792c79e2738e2d6b3d6acfb8b2fc3e0ec368738f7b05b6406e"
"md","step-07-validate","bmb","bmad/bmb/workflows/create-agent/steps/step-07-validate.md","b96e794f351ff446dfa5b2911ffb02da2b5106f0e6db0304d19d24147aa87936"
"md","step-08-generate-report","bmb","bmad/bmb/workflows/workflow-compliance-check/steps/step-08-generate-report.md","d0a6efcf168b0c5dcd09909f51708985830a4fee5b6478cbc9d8c02a92fa1fe1"
"md","step-08-setup","bmb","bmad/bmb/workflows/create-agent/steps/step-08-setup.md","16dd12f2771fa9f546fa8d5f82fbd389d5abad459fda6e02a65391794475787c"
"md","step-08-tools-summary","bmb","bmad/bmb/workflows/create-workflow/steps/step-08-tools-summary.md","029bcb678f46eeb2b76a22590cde7db5fbc59d0b7029f931c9ae707c3b63fc59"
"md","step-09-customize","bmb","bmad/bmb/workflows/create-agent/steps/step-09-customize.md","e3e8d2e7868098e245f7539708ebf867ca39b20dc73c5f33de1b43356b78ada7"
"md","step-09-design","bmb","bmad/bmb/workflows/create-workflow/steps/step-09-design.md","47298cecb203177fe0ee8432503ed736012cd9b64ff426941db627d11b21c011"
"md","step-10-build-tools","bmb","bmad/bmb/workflows/create-agent/steps/step-10-build-tools.md","83982865d3c86c1bb3cd2bf92420ac1a359082f95f09290696441077f4ffe977"
"md","step-10-plan-review","bmb","bmad/bmb/workflows/create-workflow/steps/step-10-plan-review.md","5ab1f29ebf9780d4ef8f64f6af3632361e4f9893fb73af80aa7889ac04cf2e3f"
"md","step-11-build","bmb","bmad/bmb/workflows/create-workflow/steps/step-11-build.md","2eb329a3a8a2d1c0628db6aef3353c9a3f85bcbbc874cdc07c98ee9f8f150e1b"
"md","step-11-celebrate","bmb","bmad/bmb/workflows/create-agent/steps/step-11-celebrate.md","0ed8a33745c825c82db33f2f6844e2d6c267b8e65df5416036032f99325d898a"
"md","step-12-review","bmb","bmad/bmb/workflows/create-workflow/steps/step-12-review.md","15fb8f7fd1b37281c63b02ed51208c1f24783fe7ca7f1bd07b3a255761faf86d"
"md","step-file","bmb","bmad/bmb/workflows/create-workflow/templates/step-file.md","d9f6e0a70e606412093ffad91cfb9ff7f0b8aa9bdbcd504aab99cb36e2f4ca20"
"md","step-template","bmb","bmad/bmb/docs/workflows/step-template.md","44c612c22c558598b0c1e913a2d8108d1253867b9cf1f2d7aa40a89b7c3d63b3"
"md","strategy-section","bmb","bmad/bmb/reference/workflows/meal-prep-nutrition/templates/strategy-section.md","0d75fedb5bedc07bd0e17a63f370b011f770d3d696eb7835cc07fa4fe5a77337"
"md","strategy-section","bmb","bmad/bmb/workflows/create-agent/data/reference/workflows/meal-prep-nutrition/templates/strategy-section.md","0d75fedb5bedc07bd0e17a63f370b011f770d3d696eb7835cc07fa4fe5a77337"
"md","template","bmb","bmad/bmb/workflows-legacy/module-brief/template.md","7d1ad5ec40b06510fcbb0a3da8ea32aefa493e5b04c3a2bba90ce5685b894275"
"md","terms","bmb","bmad/bmb/docs/workflows/terms.md","4335bbc77ca4ccb6ad8baf39a553325b92c047b3cfdfa1903079ea3ebe34b91c"
"md","understanding-agent-types","bmb","bmad/bmb/docs/agents/understanding-agent-types.md","b8664d3046989c32fa5db68692d5d402d5309eb988f7d0d5dee831d083bd3494"
"md","validation-complete","bmb","bmad/bmb/workflows/create-agent/data/validation-complete.md","2dee12dfa3003f15b88328459c121a4d2bc35072169ba9f58ffcac7f043a0c27"
"md","validation-results","bmb","bmad/bmb/workflows/edit-workflow/templates/validation-results.md","97ed6deaab6c60849fdce797ace3c7c9a2bbb63f0fb3601cbe8d47895c4b6731"
"md","workflow","bmb","bmad/bmb/reference/workflows/meal-prep-nutrition/workflow.md","3a80ceef9dc30724cc1ea903ac4640cb8972cadf8976d3275e327f4c42db2c6f"
"md","workflow","bmb","bmad/bmb/workflows/create-agent/data/reference/workflows/meal-prep-nutrition/workflow.md","3a80ceef9dc30724cc1ea903ac4640cb8972cadf8976d3275e327f4c42db2c6f"
"md","workflow","bmb","bmad/bmb/workflows/create-agent/workflow.md","b3c789d7de1c10ce9ae53ac39292dc84378de840b2da94be6dfe44915a0398e8"
"md","workflow","bmb","bmad/bmb/workflows/create-workflow/templates/workflow.md","2f33eb4637b1da85d466509ca73bd316a6dd028cc949b6a48cf5f9354dce63ee"
"md","workflow","bmb","bmad/bmb/workflows/create-workflow/workflow.md","278ada4762a2980cbb80c5fe7b8faa7f12beff364bb17a552c1373defc3a0c95"
"md","workflow","bmb","bmad/bmb/workflows/edit-agent/workflow.md","81dc31e29f0656af7fc42698420e290b0f358921b2ae2ee425445026dbb5c470"
"md","workflow","bmb","bmad/bmb/workflows/edit-workflow/workflow.md","ba90fdc14af394e3e3e29a2f4749b9cc349343a7364761c781bf06402e022511"
"md","workflow","bmb","bmad/bmb/workflows/workflow-compliance-check/workflow.md","3c1778db555c7f7fa95240a25e2fb33dc0631cb4a1f4fffa1515404bb165586c"
"md","workflow-analysis","bmb","bmad/bmb/workflows/edit-workflow/templates/workflow-analysis.md","9e2196c12fcdfbde8a074ea97a0d883cbe629c465e2b6ff52bb1619d687d6b8a"
"md","workflow-plan","bmb","bmad/bmb/workflows/create-workflow/templates/workflow-plan.md","ad54e8f04fc2fa1c2c32a612089830f77af17462f773be90a29f1f08e60b3324"
"md","workflow-template","bmb","bmad/bmb/docs/workflows/workflow-template.md","2c7d4da3c1232711700bb81ba1ef15aebe779ae8ca05891d9d640a2c54c480f5"
"yaml","bmad-builder.agent","bmb","bmad/bmb/agents/bmad-builder.agent.yaml",""
"yaml","commit-poet.agent","bmb","bmad/bmb/reference/agents/simple-examples/commit-poet.agent.yaml","a57745f92808bba5788795c981c77c56a6b703baa25ccef0e3326280af4105a9"
"yaml","commit-poet.agent","bmb","bmad/bmb/workflows/create-agent/data/reference/agents/simple-examples/commit-poet.agent.yaml","a57745f92808bba5788795c981c77c56a6b703baa25ccef0e3326280af4105a9"
"yaml","config","bmb","bmad/bmb/config.yaml","c7b81a677cfa522c1470cb8ec2a1be14725cc485076115f6327ca951a4eeb70d"
"yaml","install-config","bmb","bmad/bmb/workflows-legacy/create-module/installer-templates/install-config.yaml","06e19ceb60d99d6f293910d9c34206f81f7ca6cb55fe1ef70955820c73451820"
"yaml","journal-keeper.agent","bmb","bmad/bmb/reference/agents/expert-examples/journal-keeper/journal-keeper.agent.yaml","37b02124fa3ade0516ad25c7657aa031dbda0374cec89a0df6761c9a94f4590b"
"yaml","journal-keeper.agent","bmb","bmad/bmb/workflows/create-agent/data/reference/agents/expert-examples/journal-keeper/journal-keeper.agent.yaml","37b02124fa3ade0516ad25c7657aa031dbda0374cec89a0df6761c9a94f4590b"
"yaml","security-engineer.agent","bmb","bmad/bmb/reference/agents/module-examples/security-engineer.agent.yaml","1898ec77c8225b1de660549550714de4a6fc4e41c060ad50dd6e8adb371d87b2"
"yaml","security-engineer.agent","bmb","bmad/bmb/workflows/create-agent/data/reference/agents/module-examples/security-engineer.agent.yaml","391808406896840215fe21e54e048ff7b5d3af38d77f571c1e594dc6f6846627"
"yaml","trend-analyst.agent","bmb","bmad/bmb/reference/agents/module-examples/trend-analyst.agent.yaml","a9bdafa6497a4ff55e2187f319c4221000acb2c9320b8da019b278327a44ee89"
"yaml","trend-analyst.agent","bmb","bmad/bmb/workflows/create-agent/data/reference/agents/module-examples/trend-analyst.agent.yaml","a9bdafa6497a4ff55e2187f319c4221000acb2c9320b8da019b278327a44ee89"
"yaml","workflow","bmb","bmad/bmb/workflows-legacy/create-module/workflow.yaml","accedff3dd45858ed78e23e5e9476653550c786123b04e02e597f6407c8484f5"
"yaml","workflow","bmb","bmad/bmb/workflows-legacy/edit-module/workflow.yaml","8723b3fa2c915b8bfbdeb5d504761f13d4c217351b3b2c01a6bc00dd24a45cc8"
"yaml","workflow","bmb","bmad/bmb/workflows-legacy/module-brief/workflow.yaml","576e1a484b84f65f6b02b79498abb83171477a553726ee87a724be145ca23bc1"
"csv","default-party","bmm","bmad/bmm/teams/default-party.csv","43209253a2e784e6b054a4ac427c9532a50d9310f6a85052d93ce975b9162156"
"csv","documentation-requirements","bmm","bmad/bmm/workflows/document-project/documentation-requirements.csv","d1253b99e88250f2130516b56027ed706e643bfec3d99316727a4c6ec65c6c1d"
"csv","domain-complexity","bmm","bmad/bmm/workflows/2-plan-workflows/prd/domain-complexity.csv","ed4d30e9fd87db2d628fb66cac7a302823ef6ebb3a8da53b9265326f10a54e11"
"csv","domain-complexity","bmm","bmad/bmm/workflows/3-solutioning/architecture/data/domain-complexity.csv","cb9244ed2084143146f9f473244ad9cf63d33891742b9f6fbcb6e354fa4f3a93"
"csv","project-types","bmm","bmad/bmm/workflows/2-plan-workflows/prd/project-types.csv","7a01d336e940fb7a59ff450064fd1194cdedda316370d939264a0a0adcc0aca3"
"csv","project-types","bmm","bmad/bmm/workflows/3-solutioning/architecture/data/project-types.csv","12343635a2f11343edb1d46906981d6f5e12b9cad2f612e13b09460b5e5106e7"
"csv","tea-index","bmm","bmad/bmm/testarch/tea-index.csv","374a8d53b5e127a9440751a02c5112c66f81bc00e2128d11d11f16d8f45292ea"
"excalidraw","workflow-method-greenfield","bmm","bmad/bmm/docs/images/workflow-method-greenfield.excalidraw","ddd42ea8d7ec49c47d6a9eb45d418c964e7a49d12e627e5b942d745e82899cd2"
"json","excalidraw-library","bmm","bmad/bmm/workflows/diagrams/_shared/excalidraw-library.json","8e5079f4e79ff17f4781358423f2126a1f14ab48bbdee18fd28943865722030c"
"json","project-scan-report-schema","bmm","bmad/bmm/workflows/document-project/templates/project-scan-report-schema.json","53255f15a10cab801a1d75b4318cdb0095eed08c51b3323b7e6c236ae6b399b7"
"md","agents-guide","bmm","bmad/bmm/docs/agents-guide.md","1482d054753a51633fb870d4a9eb91ec633489b92b163e27b047ca821c8947f1"
"md","analyst","bmm","bmad/bmm/agents/analyst.md","50960d670988e70ba8f2d02150e0e4c7bb022dc6a9395a647db80d42ae1786cd"
"md","api-request","bmm","bmad/bmm/testarch/knowledge/api-request.md","93ac674f645cb389aafe08ce31e53280ebc0385c59e585a199b772bb0e0651fb"
"md","architect","bmm","bmad/bmm/agents/architect.md","e04e692f29cd522f868160032df259d429573392e9eed71f89fa467535e99d03"
"md","architecture-decision-template","bmm","bmad/bmm/workflows/3-solutioning/architecture/architecture-decision-template.md","677abaa21e5ea5aa11ea84d596f3ff81506652b5929b6403d404d9c7623c3752"
"md","atdd-checklist-template","bmm","bmad/bmm/workflows/testarch/atdd/atdd-checklist-template.md","9944d7b488669bbc6e9ef537566eb2744e2541dad30a9b2d9d4ae4762f66b337"
"md","auth-session","bmm","bmad/bmm/testarch/knowledge/auth-session.md","b2ee00c5650655311ff54d20dcd6013afb5b280a66faa8336f9fb810436f1aab"
"md","bmad-quick-flow","bmm","bmad/bmm/docs/bmad-quick-flow.md","e437c81feedf8a981595a6f53119d5ffff37b3815d0b58901340b1908d470136"
"md","brownfield-guide","bmm","bmad/bmm/docs/brownfield-guide.md","f990601c7da12a7a77163339435d8291f0433293a6831e0d4f0b46d40ae6edad"
"md","burn-in","bmm","bmad/bmm/testarch/knowledge/burn-in.md","5ba3d2abe6b961e5bc3948ab165e801195bff3ee6e66569c00c219b484aa4b5d"
"md","checklist","bmm","bmad/bmm/workflows/3-solutioning/implementation-readiness/checklist.md","6024d4064ad1010a9bbdbaa830c01adba27c1aba6bf0153d88eee460427af799"
"md","checklist","bmm","bmad/bmm/workflows/4-implementation/correct-course/checklist.md","67d83d914fe29d47255e5659244da0b33b7aef75bc236a7a9be2a11e97193b2b"
"md","checklist","bmm","bmad/bmm/workflows/4-implementation/create-story/checklist.md","c7c68ee48048207978425d716119100f65e5f86be883f56af46b15d34de88edb"
"md","checklist","bmm","bmad/bmm/workflows/4-implementation/dev-story/checklist.md","5e9fe3c5df30f2ab79eac375317d4d1ade1face371d2ac669cef52762afe0fc4"
"md","checklist","bmm","bmad/bmm/workflows/4-implementation/sprint-planning/checklist.md","80b10aedcf88ab1641b8e5f99c9a400c8fd9014f13ca65befc5c83992e367dd7"
"md","checklist","bmm","bmad/bmm/workflows/bmad-quick-flow/quick-dev/checklist.md","7a26f68fa535caa6b461c4e84846241db4669da29b19a7ab510eeeff434bae12"
"md","checklist","bmm","bmad/bmm/workflows/diagrams/create-dataflow/checklist.md","f420aaf346833dfda5454ffec9f90a680e903453bcc4d3e277d089e6781fec55"
"md","checklist","bmm","bmad/bmm/workflows/diagrams/create-diagram/checklist.md","6357350a6e2237c1b819edd8fc847e376192bf802000cb1a4337c9584fc91a18"
"md","checklist","bmm","bmad/bmm/workflows/diagrams/create-flowchart/checklist.md","45aaf882b8e9a1042683406ae2cfc0b23d3d39bd1dac3ddb0778d5b7165f7047"
"md","checklist","bmm","bmad/bmm/workflows/diagrams/create-wireframe/checklist.md","588f9354bf366c173aa261cf5a8b3a87c878ea72fd2c0f8088c4b3289e984641"
"md","checklist","bmm","bmad/bmm/workflows/document-project/checklist.md","2f1edb9e5e0b003f518b333ae842f344ff94d4dda7df07ba7f30c5b066013a68"
"md","checklist","bmm","bmad/bmm/workflows/testarch/atdd/checklist.md","c4fa594d949dd8f1f818c11054b28643b458ab05ed90cf65f118deb1f4818e9f"
"md","checklist","bmm","bmad/bmm/workflows/testarch/automate/checklist.md","bf1ae220c15c9f263967d1606658b19adcd37d57aef2b0faa30d34f01e5b0d22"
"md","checklist","bmm","bmad/bmm/workflows/testarch/ci/checklist.md","c40143aaf0e34c264a2f737e14a50ec85d861bda78235cf01a3c63413d996dc8"
"md","checklist","bmm","bmad/bmm/workflows/testarch/framework/checklist.md","16cc3aee710abb60fb85d2e92f0010b280e66b38fac963c0955fb36e7417103a"
"md","checklist","bmm","bmad/bmm/workflows/testarch/nfr-assess/checklist.md","044416df40402db39eb660509eedadafc292c16edc247cf93812f2a325ee032c"
"md","checklist","bmm","bmad/bmm/workflows/testarch/test-design/checklist.md","1a7e5e975d5a2bd3afd81e743e5ee3a2aa72571fce250caac24a6643808394eb"
"md","checklist","bmm","bmad/bmm/workflows/testarch/test-review/checklist.md","0626c675114c23019e20e4ae2330a64baba43ad11774ff268c027b3c584a0891"
"md","checklist","bmm","bmad/bmm/workflows/testarch/trace/checklist.md","a4468ae2afa9cf676310ec1351bb34317d5390e4a02ded9684cc15a62f2fd4fd"
"md","ci-burn-in","bmm","bmad/bmm/testarch/knowledge/ci-burn-in.md","de0092c37ea5c24b40a1aff90c5560bbe0c6cc31702de55d4ea58c56a2e109af"
"md","component-tdd","bmm","bmad/bmm/testarch/knowledge/component-tdd.md","88bd1f9ca1d5bcd1552828845fe80b86ff3acdf071bac574eda744caf7120ef8"
"md","contract-testing","bmm","bmad/bmm/testarch/knowledge/contract-testing.md","d8f662c286b2ea4772213541c43aebef006ab6b46e8737ebdc4a414621895599"
"md","data-factories","bmm","bmad/bmm/testarch/knowledge/data-factories.md","d7428fe7675da02b6f5c4c03213fc5e542063f61ab033efb47c1c5669b835d88"
"md","deep-dive-instructions","bmm","bmad/bmm/workflows/document-project/workflows/deep-dive-instructions.md","a567fc43c918ca3f77440e75ce2ac7779740550ad848cade130cca1837115c1e"
"md","deep-dive-template","bmm","bmad/bmm/workflows/document-project/templates/deep-dive-template.md","6198aa731d87d6a318b5b8d180fc29b9aa53ff0966e02391c17333818e94ffe9"
"md","dev","bmm","bmad/bmm/agents/dev.md","945d359795290e705a4855c01a86f5751a892b84d6aaef87e53d18a472d1e2f0"
"md","documentation-standards","bmm","bmad/bmm/data/documentation-standards.md","fc26d4daff6b5a73eb7964eacba6a4f5cf8f9810a8c41b6949c4023a4176d853"
"md","email-auth","bmm","bmad/bmm/testarch/knowledge/email-auth.md","43f4cc3138a905a91f4a69f358be6664a790b192811b4dfc238188e826f6b41b"
"md","enterprise-agentic-development","bmm","bmad/bmm/docs/enterprise-agentic-development.md","77fca16c59cbca66b8c1832c56413e0f8a0be54f89d6cc5ede8f42adc3c3cf06"
"md","epics-template","bmm","bmad/bmm/workflows/3-solutioning/create-epics-and-stories/epics-template.md","9adb82dfce092b40756578c15eddab540c5c987abd7fcc323f3d76b2999eb115"
"md","error-handling","bmm","bmad/bmm/testarch/knowledge/error-handling.md","8a314eafb31e78020e2709d88aaf4445160cbefb3aba788b62d1701557eb81c1"
"md","faq","bmm","bmad/bmm/docs/faq.md","79fe5174c57a291156d09bc74ab2d08fdb06ddee9f2591d5521e0541c94f074e"
"md","feature-flags","bmm","bmad/bmm/testarch/knowledge/feature-flags.md","f6db7e8de2b63ce40a1ceb120a4055fbc2c29454ad8fca5db4e8c065d98f6f49"
"md","file-utils","bmm","bmad/bmm/testarch/knowledge/file-utils.md","e0d4e98ca6ec32035ae07a14880c65ab99298e9240404d27a05788c974659e8b"
"md","fixture-architecture","bmm","bmad/bmm/testarch/knowledge/fixture-architecture.md","a3b6c1bcaf5e925068f3806a3d2179ac11dde7149e404bc4bb5602afb7392501"
"md","fixtures-composition","bmm","bmad/bmm/testarch/knowledge/fixtures-composition.md","8e57a897663a272fd603026aeec76941543c1e09d129e377846726fd405f3a5a"
"md","full-scan-instructions","bmm","bmad/bmm/workflows/document-project/workflows/full-scan-instructions.md","6c6e0d77b33f41757eed8ebf436d4def69cd6ce412395b047bf5909f66d876aa"
"md","glossary","bmm","bmad/bmm/docs/glossary.md","e3211b659955d30268ff7804e56c66bb7f087f2fb8806fca2ecacd071d96e4bf"
"md","index-template","bmm","bmad/bmm/workflows/document-project/templates/index-template.md","42c8a14f53088e4fda82f26a3fe41dc8a89d4bcb7a9659dd696136378b64ee90"
"md","instructions","bmm","bmad/bmm/workflows/3-solutioning/create-epics-and-stories/instructions.md","7bce73a6007d07bf9ca04797acdafd0c7ba5397a210a8ad740b4ecf834103fc1"
"md","instructions","bmm","bmad/bmm/workflows/3-solutioning/implementation-readiness/instructions.md","90b238ce4474e4fb4d00772d65ef7e5ea259d2ca509c89d272bd2471f765c242"
"md","instructions","bmm","bmad/bmm/workflows/4-implementation/correct-course/instructions.md","318dda942e2a87920a7e58fe2ece3f9228643bf279e4870714d43e05604b0d84"
"md","instructions","bmm","bmad/bmm/workflows/4-implementation/retrospective/instructions.md","c3b1ea2a3b4a8b90386fe6c8bf1b96ec275f6822231a97c981f919332d0c6729"
"md","instructions","bmm","bmad/bmm/workflows/4-implementation/sprint-planning/instructions.md","9124e8fa269fa379b5f4f97d78562de9bef3bd62c97af246afc0b5a8d232cf9d"
"md","instructions","bmm","bmad/bmm/workflows/bmad-quick-flow/create-tech-spec/instructions.md","4fe696440982bdfb01d936a20c55aea658d934786ec9918b4080e36730c5ad4d"
"md","instructions","bmm","bmad/bmm/workflows/bmad-quick-flow/quick-dev/instructions.md","dc457757a92589af70c6eba1aa856d821917a655feaa627b88d32ccfa7e9e359"
"md","instructions","bmm","bmad/bmm/workflows/diagrams/create-dataflow/instructions.md","b5298bd14fdbc28ab07f2de49f93235059802e4ca99986c17936a501e50b672d"
"md","instructions","bmm","bmad/bmm/workflows/diagrams/create-diagram/instructions.md","23e0a575af9eda62d3802621f3a522ee90546b36c62f57de9a85072654e6945f"
"md","instructions","bmm","bmad/bmm/workflows/diagrams/create-flowchart/instructions.md","ffb19950543d68d121a3c31cd9335a5f841f0aba64c65a5e032498b99e4902dd"
"md","instructions","bmm","bmad/bmm/workflows/diagrams/create-wireframe/instructions.md","d5805cb4adb8fd7886ebcfd510ab60e6d65e462623b09c9b7768b4e3ca9991a4"
"md","instructions","bmm","bmad/bmm/workflows/document-project/instructions.md","402b8c76017f103f53e70237b010f67c236ea54d46988caa0552cd381dd0da35"
"md","instructions","bmm","bmad/bmm/workflows/testarch/atdd/instructions.md","72c3ed7764bc8c9bbdfef129dcda6a46e2f323ff8898a6b151afc133754f1af1"
"md","instructions","bmm","bmad/bmm/workflows/testarch/automate/instructions.md","d95a3abe229a4e5b26d9152f3bf818b769de5054a556384f3e845791a48725df"
"md","instructions","bmm","bmad/bmm/workflows/testarch/ci/instructions.md","b9144c4171b36d53bf23bacf73bcb990f547c8bf952d61c60f463f07bd681a80"
"md","instructions","bmm","bmad/bmm/workflows/testarch/framework/instructions.md","522540fa25553f164be6feecea590dfa31c6920b2de4467ae984c18a7fc146bd"
"md","instructions","bmm","bmad/bmm/workflows/testarch/nfr-assess/instructions.md","de9e53aff63418c559a67c59798955bf239cb60a839255065baafccd4b815a28"
"md","instructions","bmm","bmad/bmm/workflows/testarch/test-design/instructions.md","df7579e797bc93412fc590c620f11065b41397801bd4c5a7d7e5440045596534"
"md","instructions","bmm","bmad/bmm/workflows/testarch/test-review/instructions.md","d54f3023e6e54d38ff8ccfc51e39805845f66e90f6576cf3ff00ca9fcd1e4b37"
"md","instructions","bmm","bmad/bmm/workflows/testarch/trace/instructions.md","a0ad52b4f75b6a9ea1a3e31980e604e2c0c1eb83a091562c3ad2f6fc1a1120fd"
"md","instructions","bmm","bmad/bmm/workflows/workflow-status/init/instructions.md","eec7985d3e94c7eab62d467a271c3f01d501c7a3d6f5e3776f88a2da7117ba84"
"md","instructions","bmm","bmad/bmm/workflows/workflow-status/instructions.md","52e4570c791ecc27541e6d14dabc6cf393b491c9a04c5deeb2881b1310fea260"
"md","intercept-network-call","bmm","bmad/bmm/testarch/knowledge/intercept-network-call.md","fb551cb0cefe3c062c28ae255a121aaae098638ec35a16fcdba98f670887ab6a"
"md","log","bmm","bmad/bmm/testarch/knowledge/log.md","b6267716ccbe6f9e2cc1b2b184501faeb30277bc8546206a66f31500c52381d0"
"md","network-error-monitor","bmm","bmad/bmm/testarch/knowledge/network-error-monitor.md","0380eb6df15af0a136334ad00cf44c92c779f311b07231f5aa6230e198786799"
"md","network-first","bmm","bmad/bmm/testarch/knowledge/network-first.md","2920e58e145626f5505bcb75e263dbd0e6ac79a8c4c2ec138f5329e06a6ac014"
"md","network-recorder","bmm","bmad/bmm/testarch/knowledge/network-recorder.md","9f120515cc377c4c500ec0b5fff0968666a9a4edee03a328d92514147d50f073"
"md","nfr-criteria","bmm","bmad/bmm/testarch/knowledge/nfr-criteria.md","e63cee4a0193e4858c8f70ff33a497a1b97d13a69da66f60ed5c9a9853025aa1"
"md","nfr-report-template","bmm","bmad/bmm/workflows/testarch/nfr-assess/nfr-report-template.md","b1d8fcbdfc9715a285a58cb161242dea7d311171c09a2caab118ad8ace62b80c"
"md","overview","bmm","bmad/bmm/testarch/knowledge/overview.md","96e86563da978f78b8a28d1bc4c15cebc3dc248a747fd83be40c9da7a7c9f065"
"md","party-mode","bmm","bmad/bmm/docs/party-mode.md","b10d62acab742b127b1d07827d78b73a7807d252dd44402a5bd22f59a5fa8a45"
"md","playwright-config","bmm","bmad/bmm/testarch/knowledge/playwright-config.md","42516511104a7131775f4446196cf9e5dd3295ba3272d5a5030660b1dffaa69f"
"md","pm","bmm","bmad/bmm/agents/pm.md","0d7efeabca3f1c8573085af32ce7ac4cebf82f7836871d508169e43b56293bd8"
"md","prd-template","bmm","bmad/bmm/workflows/2-plan-workflows/prd/prd-template.md","6e8ef2f6b7806a19463d7875dfc9f0d478151a93e527b7ecd96dfe2115d74e3b"
"md","probability-impact","bmm","bmad/bmm/testarch/knowledge/probability-impact.md","446dba0caa1eb162734514f35366f8c38ed3666528b0b5e16c7f03fd3c537d0f"
"md","product-brief.template","bmm","bmad/bmm/workflows/1-analysis/product-brief/product-brief.template.md","0993d8a5b0bb42d1aebd092e726d0829bdcab6ccfa227dc3816626366e8ccf8c"
"md","project-context-template","bmm","bmad/bmm/data/project-context-template.md","34421aed3e0ad921dc0c0080297f3a2299735b00a25351de589ada99dae56559"
"md","project-context-template","bmm","bmad/bmm/workflows/generate-project-context/project-context-template.md","df2e7d5a78f80e96e90891219c6770849a6a4a61670cd80561d1c47a6302b974"
"md","project-overview-template","bmm","bmad/bmm/workflows/document-project/templates/project-overview-template.md","a7c7325b75a5a678dca391b9b69b1e3409cfbe6da95e70443ed3ace164e287b2"
"md","quick-flow-solo-dev","bmm","bmad/bmm/docs/quick-flow-solo-dev.md","8ca0bb322aeebe7ceff2598920eae6f8e450759cf1a232ad55efba71d94d6edf"
"md","quick-flow-solo-dev","bmm","bmad/bmm/agents/quick-flow-solo-dev.md","c83abfd06adf0f2a285d05ea9410cdd55f31b2c06ecb9f6d9b454ae379ecb577"
"md","quick-start","bmm","bmad/bmm/docs/quick-start.md","dcc675b6b96c1faddf24a6af3042158eb052226d98c3aaf1305d0fd8b04b8020"
"md","README","bmm","bmad/bmm/data/README.md","352c44cff4dd0e5a90cdf6781168ceb57f5a78eaabddcd168433d8784854e4fb"
"md","README","bmm","bmad/bmm/docs/README.md","9a6e8b9d8b4ad3bda55a3550e46b3f327bcfb8fa37eaaf352d115377adb77a33"
"md","README","bmm","bmad/bmm/README.md","ad4e6d0c002e3a5fef1b695bda79e245fe5a43345375c699165b32d6fc511457"
"md","recurse","bmm","bmad/bmm/testarch/knowledge/recurse.md","19056fb5b7e5e626aad81277b3e5eec333f2aed36a17aea6c7d8714a5460c8b2"
"md","research.template","bmm","bmad/bmm/workflows/1-analysis/research/research.template.md","f4d69c79661d05735017229898e5a5977770d620d7973a9e1a81c900603f4098"
"md","risk-governance","bmm","bmad/bmm/testarch/knowledge/risk-governance.md","2fa2bc3979c4f6d4e1dec09facb2d446f2a4fbc80107b11fc41cbef2b8d65d68"
"md","scale-adaptive-system","bmm","bmad/bmm/docs/scale-adaptive-system.md","343e3772c2e24e9ddd6b9278f72e48dc7be961ee5ad23496003cc17cac57314c"
"md","selective-testing","bmm","bmad/bmm/testarch/knowledge/selective-testing.md","c14c8e1bcc309dbb86a60f65bc921abf5a855c18a753e0c0654a108eb3eb1f1c"
"md","selector-resilience","bmm","bmad/bmm/testarch/knowledge/selector-resilience.md","a55c25a340f1cd10811802665754a3f4eab0c82868fea61fea9cc61aa47ac179"
"md","sm","bmm","bmad/bmm/agents/sm.md","5583611a4a246b46b86804c2f78b2f1e29af2b67785969e898bf9c97f0172404"
"md","source-tree-template","bmm","bmad/bmm/workflows/document-project/templates/source-tree-template.md","109bc335ebb22f932b37c24cdc777a351264191825444a4d147c9b82a1e2ad7a"
"md","step-01-discover","bmm","bmad/bmm/workflows/generate-project-context/steps/step-01-discover.md","150bbebcbfbe5f4b57ad0fc4a3b2b992d9dc537c3e3c018c47e267abf6f886a3"
"md","step-01-init","bmm","bmad/bmm/workflows/1-analysis/product-brief/steps/step-01-init.md","53a9b0f68813f43fd64f775c840d6ba556f0db76b4b45710b5bf8e4ca188b83a"
"md","step-01-init","bmm","bmad/bmm/workflows/1-analysis/research/domain-steps/step-01-init.md","7217db4dc4483225df0ebe0af7b43454861672c2e8b15b500911554473cf7212"
"md","step-01-init","bmm","bmad/bmm/workflows/1-analysis/research/market-steps/step-01-init.md","5d40ea121fa2404881df12001de50b30f5d38c6b835244d3e39d31710fa41bd0"
"md","step-01-init","bmm","bmad/bmm/workflows/1-analysis/research/technical-steps/step-01-init.md","8d398cc4af6df4f26b88e406b900606bcbf09833cea882d4f00ec0df45e1e881"
"md","step-01-init","bmm","bmad/bmm/workflows/2-plan-workflows/create-ux-design/steps/step-01-init.md","8c0811939c75acc2400c4670ac0a3721d8d8df1564119e625ea6a70bb56e5ace"
"md","step-01-init","bmm","bmad/bmm/workflows/2-plan-workflows/prd/steps/step-01-init.md","9d5eebacd9f0fc8f5bdc2cd5e8f83eef77048a0c99e4bf03eb0f73ebddbe547e"
"md","step-01-init","bmm","bmad/bmm/workflows/3-solutioning/architecture/steps/step-01-init.md","f464457c30fef1dcc5b5fd31d3feef8aa807f16f85f998d61e5fa9391aa02774"
"md","step-01b-continue","bmm","bmad/bmm/workflows/1-analysis/product-brief/steps/step-01b-continue.md","80ec58b9fa7373972b8de7a229042a6a10fc5ef64091904f50a132b8e199e945"
"md","step-01b-continue","bmm","bmad/bmm/workflows/2-plan-workflows/create-ux-design/steps/step-01b-continue.md","e897baf661717873e781abfea7b0f30dc0fc5668e8dfb87511f8d848e4429e78"
"md","step-01b-continue","bmm","bmad/bmm/workflows/2-plan-workflows/prd/steps/step-01b-continue.md","d4b123ea35237766092c79ec90a1f39fca4af4c2fdd52fb922262c4c8a6c3f09"
"md","step-01b-continue","bmm","bmad/bmm/workflows/3-solutioning/architecture/steps/step-01b-continue.md","4188f4abe9674b83108571317f8be8e35fc95d51d156397827dded6ef7429213"
"md","step-02-context","bmm","bmad/bmm/workflows/3-solutioning/architecture/steps/step-02-context.md","85091e47a376b79077ba52e949550ee702a022524277b2d1b9173a671dd6fc58"
"md","step-02-customer-behavior","bmm","bmad/bmm/workflows/1-analysis/research/market-steps/step-02-customer-behavior.md","eaa60369524f44ee603356947fa91ad221c0a1718f116573a2dc45ee28c77636"
"md","step-02-customer-insights","bmm","bmad/bmm/workflows/1-analysis/research/market-steps/step-02-customer-insights.md","9a8f3e940e8283169c42c0f220b3fd5d4b1534e75ce16a61b5f6db9d5501a115"
"md","step-02-discovery","bmm","bmad/bmm/workflows/2-plan-workflows/create-ux-design/steps/step-02-discovery.md","cc597c41c15132b0016d7d5973583ad745bdc609a3cf35563d878e035043a737"
"md","step-02-discovery","bmm","bmad/bmm/workflows/2-plan-workflows/prd/steps/step-02-discovery.md","f86286a6384a3fca6c7f90da71aa511fc3972f8ab765fc450f2c83b436a135c3"
"md","step-02-domain-analysis","bmm","bmad/bmm/workflows/1-analysis/research/domain-steps/step-02-domain-analysis.md","0b76d6833d03c60fcf328144af76c6f394bfc9119b30f716edda76e313627c20"
"md","step-02-generate","bmm","bmad/bmm/workflows/generate-project-context/steps/step-02-generate.md","9ee4c721c00357c7a001452d6022bd6b759cd92c47314c2d82faf9262e1e4886"
"md","step-02-technical-overview","bmm","bmad/bmm/workflows/1-analysis/research/technical-steps/step-02-technical-overview.md","8dc412ebc70baeb95572169b61d2a3bce4d97974c427697c018f7a04810700a4"
"md","step-02-vision","bmm","bmad/bmm/workflows/1-analysis/product-brief/steps/step-02-vision.md","11ba3d2c2a64d4305158925672b8f62b41d3a35fbeebf414ac1148b3d2047379"
"md","step-03-competitive-landscape","bmm","bmad/bmm/workflows/1-analysis/research/domain-steps/step-03-competitive-landscape.md","010ad8d8836fa4bad044784adb4525836dceccdd21c8965ee5a95b85eb1692b5"
"md","step-03-complete","bmm","bmad/bmm/workflows/generate-project-context/steps/step-03-complete.md","9158815e89b1ac9c959502a8dfcff0c019a736aabea7d7e6f319984f65ba5c73"
"md","step-03-core-experience","bmm","bmad/bmm/workflows/2-plan-workflows/create-ux-design/steps/step-03-core-experience.md","fef00b4d7130961da960c89c1d576a569dcdc1f73aaecfc3a0b0017e4d867a93"
"md","step-03-customer-pain-points","bmm","bmad/bmm/workflows/1-analysis/research/market-steps/step-03-customer-pain-points.md","e29664f2d9785b37d554328f240203e0ab5d162eea0b90113a4c9a2a08300c5d"
"md","step-03-integration-patterns","bmm","bmad/bmm/workflows/1-analysis/research/technical-steps/step-03-integration-patterns.md","7da3cb291e729c1047b768bc5448bdda2925cb677b21faab29b9e30a424094dc"
"md","step-03-starter","bmm","bmad/bmm/workflows/3-solutioning/architecture/steps/step-03-starter.md","7423abb87e7fcf49781fdf102eead5398def376eebb4c1b124463eed313589d3"
"md","step-03-success","bmm","bmad/bmm/workflows/2-plan-workflows/prd/steps/step-03-success.md","373e4d0acd1e41ab51bde3c3b8bfaf87010a8af8ec557a7ac99288ddbefee33c"
"md","step-03-users","bmm","bmad/bmm/workflows/1-analysis/product-brief/steps/step-03-users.md","f18aaa72bd56ffe052d5fe5441d83006c4f3e116def2e622edd4b66700185f77"
"md","step-04-architectural-patterns","bmm","bmad/bmm/workflows/1-analysis/research/technical-steps/step-04-architectural-patterns.md","c920adb8a89468e54311590b251816001e6613f93231bae0314c3ae65ba0390f"
"md","step-04-customer-decisions","bmm","bmad/bmm/workflows/1-analysis/research/market-steps/step-04-customer-decisions.md","73c47be59274d468fff85340a75b27c8c74cb9fcce1a873ef87985ddb2152847"
"md","step-04-decisions","bmm","bmad/bmm/workflows/3-solutioning/architecture/steps/step-04-decisions.md","4b26694505f9d5e92d304452209ab38b4ff6ebdd879aca5d46bbf4c956bbcb92"
"md","step-04-emotional-response","bmm","bmad/bmm/workflows/2-plan-workflows/create-ux-design/steps/step-04-emotional-response.md","7e6cd7c8ea5af4137c4f2887a47f9a95b13e64a7163ebc1337c27db6dcafe5a5"
"md","step-04-journeys","bmm","bmad/bmm/workflows/2-plan-workflows/prd/steps/step-04-journeys.md","2f5563de1d402def762fe114b66fc14707929610c2ee258320c050ae469c3ffa"
"md","step-04-metrics","bmm","bmad/bmm/workflows/1-analysis/product-brief/steps/step-04-metrics.md","27f946ca603ce5831d78ef0596b0f5b935926ed4344aeafa1001941d4c801ce2"
"md","step-04-regulatory-focus","bmm","bmad/bmm/workflows/1-analysis/research/domain-steps/step-04-regulatory-focus.md","5802b821f8c239df37f841aa39da4896c50deb7f21a8969096e2e728fb080b9f"
"md","step-05-competitive-analysis","bmm","bmad/bmm/workflows/1-analysis/research/market-steps/step-05-competitive-analysis.md","58db83a5dc34725cf39a033976adac23af33a49be38e96dde167a8299f9e62ba"
"md","step-05-domain","bmm","bmad/bmm/workflows/2-plan-workflows/prd/steps/step-05-domain.md","6971a1eb6fc11e304204b3a2b591a47f68f0dc05a710138f431fa9c7d8dae42c"
"md","step-05-implementation-research","bmm","bmad/bmm/workflows/1-analysis/research/technical-steps/step-05-implementation-research.md","4c8e1ba94879be798c82e7a09030eaff65ca2a0a9fd89e7426353a3ea4fcf207"
"md","step-05-inspiration","bmm","bmad/bmm/workflows/2-plan-workflows/create-ux-design/steps/step-05-inspiration.md","a36a5678bf574a2b281970b56641ea7f398ef583b391b5c81034b2bdad47d529"
"md","step-05-patterns","bmm","bmad/bmm/workflows/3-solutioning/architecture/steps/step-05-patterns.md","9aee4a8764170dddbe7bf7199b6e249a1c0201387c90657f4e692b91fc3d1ef5"
"md","step-05-scope","bmm","bmad/bmm/workflows/1-analysis/product-brief/steps/step-05-scope.md","273730ae99d56eeca1917b181b7cde63083c39baa683396d066e2abb47e3556e"
"md","step-05-technical-trends","bmm","bmad/bmm/workflows/1-analysis/research/domain-steps/step-05-technical-trends.md","e88098ca9ff044836c205c2c3f71f35b8ba8743073d93d2f75ef25176424065a"
"md","step-06-complete","bmm","bmad/bmm/workflows/1-analysis/product-brief/steps/step-06-complete.md","550e790b635abfb1a825092cdb0c4a07f11e1799975ea52e6b3b617752b3606c"
"md","step-06-design-system","bmm","bmad/bmm/workflows/2-plan-workflows/create-ux-design/steps/step-06-design-system.md","d90e9ad4ec10bb7184260dd9d6aaf2f4031d455259d8c1cc738db7fa01d72b53"
"md","step-06-innovation","bmm","bmad/bmm/workflows/2-plan-workflows/prd/steps/step-06-innovation.md","b3657da9276fa622d162dec89eefe694165e614adbb492a937adcfbfb6e24953"
"md","step-06-research-completion","bmm","bmad/bmm/workflows/1-analysis/research/market-steps/step-06-research-completion.md","d865465d21c182b7437a4baf43db75be3443a0f520c7e9810cde337c8909787a"
"md","step-06-research-synthesis","bmm","bmad/bmm/workflows/1-analysis/research/domain-steps/step-06-research-synthesis.md","679307b56acbc642f5fb890862d6ab4d5b61225fe962e5781856460fc1503ee5"
"md","step-06-research-synthesis","bmm","bmad/bmm/workflows/1-analysis/research/technical-steps/step-06-research-synthesis.md","d4ab0753a897c3a0412579739c0f21608ec026ff051e934872c8fca6faf0b93d"
"md","step-06-structure","bmm","bmad/bmm/workflows/3-solutioning/architecture/steps/step-06-structure.md","e53a62ad33e8bc458d9c846424ae2169a5b1c51e9f0eba5eab1e037b6e5b078b"
"md","step-07-defining-experience","bmm","bmad/bmm/workflows/2-plan-workflows/create-ux-design/steps/step-07-defining-experience.md","84deaeda938ca2a1eb1f18d485b58ca9d803bb562635bb7ca243a1be1e7983ba"
"md","step-07-project-type","bmm","bmad/bmm/workflows/2-plan-workflows/prd/steps/step-07-project-type.md","b6b91afa2479a18dfc333f9821c0b19157c66697283bbbb0e965e7306148d6b2"
"md","step-07-validation","bmm","bmad/bmm/workflows/3-solutioning/architecture/steps/step-07-validation.md","3366eefe266a84620448be60b071761de7f132a30425edf4f774568497732f62"
"md","step-08-complete","bmm","bmad/bmm/workflows/3-solutioning/architecture/steps/step-08-complete.md","90fbc006907a43472a74ecf4592a8baa56c389395aef3321efe564b9faf30252"
"md","step-08-scoping","bmm","bmad/bmm/workflows/2-plan-workflows/prd/steps/step-08-scoping.md","9d11cd41ffb2b75f1d0c743d04cec12a6f974ac5d6246c77366abd7e628c499f"
"md","step-08-visual-foundation","bmm","bmad/bmm/workflows/2-plan-workflows/create-ux-design/steps/step-08-visual-foundation.md","f3eb22d2f0da05191d475277e16d70ec6ae54c9fd4329816707399d8d18dec9a"
"md","step-09-design-directions","bmm","bmad/bmm/workflows/2-plan-workflows/create-ux-design/steps/step-09-design-directions.md","e7042f8a113bdc65e7e4b8d9a8f1f721575c0c045d3018eb2b8e674a3de7107d"
"md","step-09-functional","bmm","bmad/bmm/workflows/2-plan-workflows/prd/steps/step-09-functional.md","cd0b0fccd98a29d357f617299be6c63577704b1c32f53829603889cc0b40251a"
"md","step-10-nonfunctional","bmm","bmad/bmm/workflows/2-plan-workflows/prd/steps/step-10-nonfunctional.md","c712896b39d1ee13ed61fe8266d8cb48450fd5e134a5cbcb4a682ab5e35b63c6"
"md","step-10-user-journeys","bmm","bmad/bmm/workflows/2-plan-workflows/create-ux-design/steps/step-10-user-journeys.md","6932ebf09c9a6d5cacdbdf5dba897f41925534b8842ebdc8fdb7497bc7437265"
"md","step-11-complete","bmm","bmad/bmm/workflows/2-plan-workflows/prd/steps/step-11-complete.md","11f0c99c116444406a4380494523463004eda1e46eaf32345d0e5d8200482163"
"md","step-11-component-strategy","bmm","bmad/bmm/workflows/2-plan-workflows/create-ux-design/steps/step-11-component-strategy.md","b6dfab070649e9d2195b1d6ddcb443289d078703aa33f2ea6c12eb9a6e89473e"
"md","step-12-ux-patterns","bmm","bmad/bmm/workflows/2-plan-workflows/create-ux-design/steps/step-12-ux-patterns.md","89e6f70f666d194ee27ac07c8fdfc10c17046afff6381fe469e4b765c5e4de63"
"md","step-13-responsive-accessibility","bmm","bmad/bmm/workflows/2-plan-workflows/create-ux-design/steps/step-13-responsive-accessibility.md","639f512c02d4546252dbdb723a12de5ef238865ace43387b5fe5afa0943948d6"
"md","step-14-complete","bmm","bmad/bmm/workflows/2-plan-workflows/create-ux-design/steps/step-14-complete.md","833ba63b697ba5f8e35a7d53784c2646ce4e1726ce2dfa53bf3a9fb6880ba532"
"md","tea","bmm","bmad/bmm/agents/tea.md","57c4dd201eb6dfab2f2947a7bf170e2aa4d849e8bb30ee722cc2433d95e433fb"
"md","tech-writer","bmm","bmad/bmm/agents/tech-writer.md","320a135f5d360e5d7076b257cf33293ea5677925c50f76094d8cd5e09c80e026"
"md","template","bmm","bmad/bmm/workflows/3-solutioning/implementation-readiness/template.md","d8e5fdd62adf9836f7f6cccd487df9b260b392da2e45d2c849ecc667b9869427"
"md","template","bmm","bmad/bmm/workflows/4-implementation/create-story/template.md","83c5d21312c0f2060888a2a8ba8332b60f7e5ebeb9b24c9ee59ba96114afb9c9"
"md","test-architecture","bmm","bmad/bmm/docs/test-architecture.md","73a7ac8125a280c9ca3eff8b9ad226784f08c68e2fd3035b8cbe13f9811db411"
"md","test-design-template","bmm","bmad/bmm/workflows/testarch/test-design/test-design-template.md","ed217c5de8240f0eb47ca221532c16903858024c2e67e67b86c97686ac24872e"
"md","test-healing-patterns","bmm","bmad/bmm/testarch/knowledge/test-healing-patterns.md","b44f7db1ebb1c20ca4ef02d12cae95f692876aee02689605d4b15fe728d28fdf"
"md","test-levels-framework","bmm","bmad/bmm/testarch/knowledge/test-levels-framework.md","80bbac7959a47a2e7e7de82613296f906954d571d2d64ece13381c1a0b480237"
"md","test-priorities-matrix","bmm","bmad/bmm/testarch/knowledge/test-priorities-matrix.md","321c3b708cc19892884be0166afa2a7197028e5474acaf7bc65c17ac861964a5"
"md","test-quality","bmm","bmad/bmm/testarch/knowledge/test-quality.md","97b6db474df0ec7a98a15fd2ae49671bb8e0ddf22963f3c4c47917bb75c05b90"
"md","test-review-template","bmm","bmad/bmm/workflows/testarch/test-review/test-review-template.md","3e68a73c48eebf2e0b5bb329a2af9e80554ef443f8cd16652e8343788f249072"
"md","timing-debugging","bmm","bmad/bmm/testarch/knowledge/timing-debugging.md","c4c87539bbd3fd961369bb1d7066135d18c6aad7ecd70256ab5ec3b26a8777d9"
"md","trace-template","bmm","bmad/bmm/workflows/testarch/trace/trace-template.md","5453a8e4f61b294a1fc0ba42aec83223ae1bcd5c33d7ae0de6de992e3ee42b43"
"md","ux-design-template","bmm","bmad/bmm/workflows/2-plan-workflows/create-ux-design/ux-design-template.md","ffa4b89376cd9db6faab682710b7ce755990b1197a8b3e16b17748656d1fca6a"
"md","ux-designer","bmm","bmad/bmm/agents/ux-designer.md","2ce0d001941c9065e2f4e011d4536d1b4676506194f61ac16795987f9d92d816"
"md","visual-debugging","bmm","bmad/bmm/testarch/knowledge/visual-debugging.md","072a3d30ba6d22d5e628fc26a08f6e03f8b696e49d5a4445f37749ce5cd4a8a9"
"md","workflow","bmm","bmad/bmm/workflows/1-analysis/product-brief/workflow.md","9f716943f40c59d411f7a2845f1964654fbd4097b97510f815e09a5438589378"
"md","workflow","bmm","bmad/bmm/workflows/1-analysis/research/workflow.md","26eb129932fc1e7e5440ae97a3e236c640f59ddd29a79106db72764fc341a6b3"
"md","workflow","bmm","bmad/bmm/workflows/2-plan-workflows/create-ux-design/workflow.md","d864f30a9d3ca2279f02afb6c24ed6265a1b7f66505823a5ba3b314849d87347"
"md","workflow","bmm","bmad/bmm/workflows/2-plan-workflows/prd/workflow.md","7ff8f5d28de8b5109cad815683ebbed0a6641d7601f30aea122e97ac6571a0d9"
"md","workflow","bmm","bmad/bmm/workflows/3-solutioning/architecture/workflow.md","ff62e0b6de4cffab4770dfd7474fef4477e483c8164ab636e3c6ede5f7b1c100"
"md","workflow","bmm","bmad/bmm/workflows/generate-project-context/workflow.md","4935518efd8b60db5315dd3a14bbd8712f99b9255b568884dc33b6e1fdee7857"
"md","workflow-architecture-reference","bmm","bmad/bmm/docs/workflow-architecture-reference.md","36efd4e3d74d1739455e896e62b7711bf4179c572f1eef7a7fae7f2385adcc6d"
"md","workflow-document-project-reference","bmm","bmad/bmm/docs/workflow-document-project-reference.md","939ac7079a57a1d0e657cc67a4d5bb374fb1b9b1d8b1fbf742c5ea33e48b6c5f"
"md","workflows-analysis","bmm","bmad/bmm/docs/workflows-analysis.md","351e7375bd1ac13ae6a4125091f13b3c10dfdada984252fc773f4128f2db110d"
"md","workflows-implementation","bmm","bmad/bmm/docs/workflows-implementation.md","b909f2183477a23045e87cbac0a8aefa32e8912622aefc958691216b623d0621"
"md","workflows-planning","bmm","bmad/bmm/docs/workflows-planning.md","be3e0347cb26380b4f978c7311efc033b01bd416c8cfbac4e3dec940ca99b2b4"
"md","workflows-solutioning","bmm","bmad/bmm/docs/workflows-solutioning.md","530e916e8448b21a1cfc710fe90f5a651f14936b520f74502de52a08a02a70cc"
"svg","workflow-method-greenfield","bmm","bmad/bmm/docs/images/workflow-method-greenfield.svg","15df53321a18cacdee0577d70ee8433787eb32f09d8604331888bf2ea138f4e7"
"xml","instructions","bmm","bmad/bmm/workflows/4-implementation/code-review/instructions.xml","be2af655c082e86ee95c7fda4ec8540155718e82057909cefddc8f387ad94f17"
"xml","instructions","bmm","bmad/bmm/workflows/4-implementation/create-story/instructions.xml","7a3423220d4828860eacce3bd78793fde30f7c42740d79a1698678df1f40695e"
"xml","instructions","bmm","bmad/bmm/workflows/4-implementation/dev-story/instructions.xml","d6df4313bda13e70744baa4149609a0616c826ce660aa5c323597a763426d8d5"
"yaml","analyst.agent","bmm","bmad/bmm/agents/analyst.agent.yaml",""
"yaml","architect.agent","bmm","bmad/bmm/agents/architect.agent.yaml",""
"yaml","config","bmm","bmad/bmm/config.yaml","63d26dfcba5902989abb1a01983b06f130a2bfb6b83fbb711e3de00306e177c2"
"yaml","deep-dive","bmm","bmad/bmm/workflows/document-project/workflows/deep-dive.yaml","2881eb6120b357dd9c4a80aeb47f36d07dbbde67282318ea0abc247fc10ec4f8"
"yaml","dev.agent","bmm","bmad/bmm/agents/dev.agent.yaml",""
"yaml","enterprise-brownfield","bmm","bmad/bmm/workflows/workflow-status/paths/enterprise-brownfield.yaml","d4f52647ed894797c8b72d4a8a68e834f9973251f233eb0476c614bc81cfd194"
"yaml","enterprise-greenfield","bmm","bmad/bmm/workflows/workflow-status/paths/enterprise-greenfield.yaml","af047f81186fc3e5e8095e8067f3ac517e5ee6ebdd352ad1a950bce670280b51"
"yaml","excalidraw-templates","bmm","bmad/bmm/workflows/diagrams/_shared/excalidraw-templates.yaml","ca6e4ae85b5ab16df184ce1ddfdf83b20f9540db112ebf195cb793017f014a70"
"yaml","full-scan","bmm","bmad/bmm/workflows/document-project/workflows/full-scan.yaml","b492f1e66b62d5286fb59cb82f4c4b000cae95704676eb45157c968c0d620960"
"yaml","github-actions-template","bmm","bmad/bmm/workflows/testarch/ci/github-actions-template.yaml","28c0de7c96481c5a7719596c85dd0ce8b5dc450d360aeaa7ebf6294dcf4bea4c"
"yaml","gitlab-ci-template","bmm","bmad/bmm/workflows/testarch/ci/gitlab-ci-template.yaml","bc83b9240ad255c6c2a99bf863b9e519f736c99aeb4b1e341b07620d54581fdc"
"yaml","method-brownfield","bmm","bmad/bmm/workflows/workflow-status/paths/method-brownfield.yaml","8580597b6207ddb45420c5b863b80b3077b5b40cb376e3cd43d84d116c651207"
"yaml","method-greenfield","bmm","bmad/bmm/workflows/workflow-status/paths/method-greenfield.yaml","dfa7c1d6f68929bcb1c764c4f18a8425d514aae1677eb6c44cccc76ab08db41c"
"yaml","pm.agent","bmm","bmad/bmm/agents/pm.agent.yaml",""
"yaml","project-levels","bmm","bmad/bmm/workflows/workflow-status/project-levels.yaml","ac3a106011fc9c8b0e0067fae1bb22a7a50c844a93941ee3c1c00393d7cb4eda"
"yaml","quick-flow-solo-dev.agent","bmm","bmad/bmm/agents/quick-flow-solo-dev.agent.yaml",""
"yaml","sm.agent","bmm","bmad/bmm/agents/sm.agent.yaml",""
"yaml","sprint-status-template","bmm","bmad/bmm/workflows/4-implementation/sprint-planning/sprint-status-template.yaml","0eab069e4b598e8ed29229c06f4779bf196d395af49c2a2e48b9e5cbc70d58c3"
"yaml","tea.agent","bmm","bmad/bmm/agents/tea.agent.yaml",""
"yaml","team-fullstack","bmm","bmad/bmm/teams/team-fullstack.yaml","da8346b10dfad8e1164a11abeb3b0a84a1d8b5f04e01e8490a44ffca477a1b96"
"yaml","tech-writer.agent","bmm","bmad/bmm/agents/tech-writer.agent.yaml",""
"yaml","ux-designer.agent","bmm","bmad/bmm/agents/ux-designer.agent.yaml",""
"yaml","workflow","bmm","bmad/bmm/workflows/3-solutioning/create-epics-and-stories/workflow.yaml","5713daba529b14c28c8d2a04fbbae2fdae90af99cfad3a2fc1cf96c817eb5a71"
"yaml","workflow","bmm","bmad/bmm/workflows/3-solutioning/implementation-readiness/workflow.yaml","33cd9decd309a7069be118de5f2e67cab537ad02b5266123dae0cab76dc90012"
"yaml","workflow","bmm","bmad/bmm/workflows/4-implementation/code-review/workflow.yaml","b8926ca0407026cd35db9288074a9393eec107d1246adec3eb9926632ef98986"
"yaml","workflow","bmm","bmad/bmm/workflows/4-implementation/correct-course/workflow.yaml","8669a2db35d5ab0baef24caa2792aabc2c52f734756711a019462492d5abd625"
"yaml","workflow","bmm","bmad/bmm/workflows/4-implementation/create-story/workflow.yaml","78c4717286bfd5a330eb1d36ce22e670de4eed5bf13fd2cc0c923399cb29dba4"
"yaml","workflow","bmm","bmad/bmm/workflows/4-implementation/dev-story/workflow.yaml","50280950aaf7b7ec859db9cfd4b333746279fb6db3101e3500180a268e642c7e"
"yaml","workflow","bmm","bmad/bmm/workflows/4-implementation/retrospective/workflow.yaml","2db107a3610b6d361cdfe93b52af5c51441da66257ae09b6fc1b51a39960c97d"
"yaml","workflow","bmm","bmad/bmm/workflows/4-implementation/sprint-planning/workflow.yaml","6a1d3fceba1a92cd338de90ac90d693e1f3294d2031eaa3a1d1a1fe4f55f2fbd"
"yaml","workflow","bmm","bmad/bmm/workflows/bmad-quick-flow/create-tech-spec/workflow.yaml","7896d03578d961d3187461be2f9ace18acaeb7d2ca2ea4893331b50fb78e8c78"
"yaml","workflow","bmm","bmad/bmm/workflows/bmad-quick-flow/quick-dev/workflow.yaml","ee4e1d74dbc1349d5ea95d0c40e85e90cc7728efd0ed16fad1de7da3a4fad112"
"yaml","workflow","bmm","bmad/bmm/workflows/diagrams/create-dataflow/workflow.yaml","1ff4378c66b28769afbbfcbdbbb8ed632321cc1fae83d7d9db5a5feb9585c89d"
"yaml","workflow","bmm","bmad/bmm/workflows/diagrams/create-diagram/workflow.yaml","491e124d7b538096dccd6fe63b0ac6ea6e894fc3638bf8cabeadd1f0d0edf441"
"yaml","workflow","bmm","bmad/bmm/workflows/diagrams/create-flowchart/workflow.yaml","ab074502ed27957a5a2ba9bb4559dde69fc1cc7efc1a037e3281a7d49ea8b91c"
"yaml","workflow","bmm","bmad/bmm/workflows/diagrams/create-wireframe/workflow.yaml","d781feb889388a715ddc89ce1802046f772afe98a33e6594d0c14f978fcc27cc"
"yaml","workflow","bmm","bmad/bmm/workflows/document-project/workflow.yaml","872244db7e6d0c3e1bd324c7d5b6d5ad6ec3f189ee5cbaf3b9849098c0c031bd"
"yaml","workflow","bmm","bmad/bmm/workflows/testarch/atdd/workflow.yaml","fc50f7323de6bcb87be051fd4dfcbf66b06ee301c412c4bc15b6dedf0fa071a0"
"yaml","workflow","bmm","bmad/bmm/workflows/testarch/automate/workflow.yaml","c5fe5a681a841e1d9db84977b41c606d49e5ebcae61d2fe2e7882f3b05381da1"
"yaml","workflow","bmm","bmad/bmm/workflows/testarch/ci/workflow.yaml","28e182ebd16d53bf66d29ba283eb684b7db26122084c86516f861c317f1232dd"
"yaml","workflow","bmm","bmad/bmm/workflows/testarch/framework/workflow.yaml","298d34f38fdef2c1e890e9af91d3bfffe26f36ee29ad54a28ea0eb36b89b7bbf"
"yaml","workflow","bmm","bmad/bmm/workflows/testarch/nfr-assess/workflow.yaml","de5d8f6c0f230a22f639cd65ae2a2f7fa2c1174c968540b5f60fd09b58458962"
"yaml","workflow","bmm","bmad/bmm/workflows/testarch/test-design/workflow.yaml","b1bc4f71f48097f2103d1da2f318d4c681f0870c070f86f9183a31547359dd08"
"yaml","workflow","bmm","bmad/bmm/workflows/testarch/test-review/workflow.yaml","80ed1880673ec6e6e84753d58448f9552588144bdeb9257f2263ced3ddb73c4a"
"yaml","workflow","bmm","bmad/bmm/workflows/testarch/trace/workflow.yaml","75f2937e928beff7fdfa652f5d5c5def8b53819e7fa7b15695d3eac900c002b0"
"yaml","workflow","bmm","bmad/bmm/workflows/workflow-status/init/workflow.yaml","ff95cd0ea6adc0d24e8ad1da828f0ddc9ec148da3a7162936a193eba61fd2ffb"
"yaml","workflow","bmm","bmad/bmm/workflows/workflow-status/workflow.yaml","a1c8568724e0590aa91c22aee2c906d04a078d1b35fe112cc208340005f91169"
"yaml","workflow-status-template","bmm","bmad/bmm/workflows/workflow-status/workflow-status-template.yaml","0ec9c95f1690b7b7786ffb4ab10663c93b775647ad58e283805092e1e830a0d9"
"csv","default-party","cis","bmad/cis/teams/default-party.csv","464310e738ec38cf8114552e8274f6c517a17db0e0b176d494ab50154ba982d5"
"csv","design-methods","cis","bmad/cis/workflows/design-thinking/design-methods.csv","6735e9777620398e35b7b8ccb21e9263d9164241c3b9973eb76f5112fb3a8fc9"
"csv","innovation-frameworks","cis","bmad/cis/workflows/innovation-strategy/innovation-frameworks.csv","9a14473b1d667467172d8d161e91829c174e476a030a983f12ec6af249c4e42f"
"csv","solving-methods","cis","bmad/cis/workflows/problem-solving/solving-methods.csv","aa15c3a862523f20c199600d8d4d0a23fce1001010d7efc29a71abe537d42995"
"csv","story-types","cis","bmad/cis/workflows/storytelling/story-types.csv","ec5a3c713617bf7e2cf7db439303dd8f3363daa2f6db20a350c82260ade88bdb"
"md","brainstorming-coach","cis","bmad/cis/agents/brainstorming-coach.md","35e17ee5eca9123a6bbf967985aec6c5b6c421eca40aabd9c3883ab5ea120811"
"md","creative-problem-solver","cis","bmad/cis/agents/creative-problem-solver.md","a843b7aa5520e0d3053a320b5821198d1202da7708284f3d3eaaa0bdcdd30f08"
"md","design-thinking-coach","cis","bmad/cis/agents/design-thinking-coach.md","24c3b4f1b663c2590a0e71865df7669422a352ef241268b6e9e1d37721e080a6"
"md","innovation-strategist","cis","bmad/cis/agents/innovation-strategist.md","abfd56e77d96c2b932254cba6380307aa3d25dab83c95afa9781f83cd1f78fc1"
"md","instructions","cis","bmad/cis/workflows/design-thinking/instructions.md","6790362d176e6532d1278b33d0ba0b76b0538751ba764349748fb8db92c22bb3"
"md","instructions","cis","bmad/cis/workflows/innovation-strategy/instructions.md","8219bc6af2607320e059a45fb0ceed3a5f9cdad1e123089ef9d1bd334903ad24"
"md","instructions","cis","bmad/cis/workflows/problem-solving/instructions.md","baac0e56c39738085efb515001ea846ae740b1e5af3946fb2926861c3a6dfb9d"
"md","instructions","cis","bmad/cis/workflows/storytelling/instructions.md","65e1d77fbd72e4d7ed3c60031312e9e9ed997453b6b519ce410759eb98d856a6"
"md","presentation-master","cis","bmad/cis/agents/presentation-master.md","dedb3e36b44c57075c0da9ce0c53db59943b247ce411b3a6f5ed4cd67d2348b1"
"md","README","cis","bmad/cis/agents/README.md","9aaf5560a91f3221d52730a725503e152c92decb825562ceca3b4c3ac13bd581"
"md","README","cis","bmad/cis/README.md","e9600f820d8d9fa460a4b77bc265f4b10346742c1a5ad3e21be9c5998f6cb17b"
"md","README","cis","bmad/cis/workflows/design-thinking/README.md","0a38f88352dc4674f6e1f55a67ffebf403bf329c874a21a49ce7834c08f91f62"
"md","README","cis","bmad/cis/workflows/innovation-strategy/README.md","820a9e734fadf2cfac94d499cec2e4b41a54d054c0d2f6b9819da319beee4fb9"
"md","README","cis","bmad/cis/workflows/problem-solving/README.md","a5e75b9899751d7aabffcf65785f10d4d2e0455f8c7c541e8a143e3babceca8b"
"md","README","cis","bmad/cis/workflows/README.md","954e02f84003171ed3210d4d3bd201b8283762ea786009b6246605dd3ac84039"
"md","README","cis","bmad/cis/workflows/storytelling/README.md","1bad4223dce51cb5a7ab8c116467f78037a4583d3a840210ee2f160ad15b71ee"
"md","storyteller","cis","bmad/cis/agents/storyteller.md","d4539c159128038915da002b0bfc6053c6072498a7f2a4be09cb41220609e4c4"
"md","template","cis","bmad/cis/workflows/design-thinking/template.md","7834c387ac0412c841b49a9fcdd8043f5ce053e5cb26993548cf4d31b561f6f0"
"md","template","cis","bmad/cis/workflows/innovation-strategy/template.md","e59bd789df87130bde034586d3e68bf1847c074f63d839945e0c29b1d0c85c82"
"md","template","cis","bmad/cis/workflows/problem-solving/template.md","6c9efd7ac7b10010bd9911db16c2fbdca01fb0c306d871fa6381eef700b45608"
"md","template","cis","bmad/cis/workflows/storytelling/template.md","461981aa772ef2df238070cbec90fc40995df2a71a8c22225b90c91afed57452"
"yaml","brainstorming-coach.agent","cis","bmad/cis/agents/brainstorming-coach.agent.yaml",""
"yaml","config","cis","bmad/cis/config.yaml","415de58f05d2a207c5cb342c2947b7f9080f578da2164392fc08cd146869672a"
"yaml","creative-problem-solver.agent","cis","bmad/cis/agents/creative-problem-solver.agent.yaml",""
"yaml","creative-squad","cis","bmad/cis/teams/creative-squad.yaml","25407cf0ebdf5b10884cd03c86068e04715ef270ada93a3b64cb9907b62c71cf"
"yaml","design-thinking-coach.agent","cis","bmad/cis/agents/design-thinking-coach.agent.yaml",""
"yaml","innovation-strategist.agent","cis","bmad/cis/agents/innovation-strategist.agent.yaml",""
"yaml","presentation-master.agent","cis","bmad/cis/agents/presentation-master.agent.yaml",""
"yaml","storyteller.agent","cis","bmad/cis/agents/storyteller.agent.yaml",""
"yaml","workflow","cis","bmad/cis/workflows/design-thinking/workflow.yaml","11738e0ed60f1596b198789064eeeafe61a3e78fd81dcea4ec87d5f539d088a8"
"yaml","workflow","cis","bmad/cis/workflows/innovation-strategy/workflow.yaml","574c1da22cd38b08946056bc39a2eb5ef91b3936669de9999ef7d35f6404fae9"
"yaml","workflow","cis","bmad/cis/workflows/problem-solving/workflow.yaml","359bb8d87ce8e7ce8b739b0c0723430c74ecd134fdfe5e0bacbdbb828b85cc1f"
"yaml","workflow","cis","bmad/cis/workflows/storytelling/workflow.yaml","504fa7d1f1878cdb08528d34af7012562abf377f804b1912dd351148b9fa7ba1"
"csv","advanced-elicitation-methods","core","bmad/core/tasks/advanced-elicitation-methods.csv","e08b2e22fec700274982e37be608d6c3d1d4d0c04fa0bae05aa9dba2454e6141"
"csv","brain-methods","core","bmad/core/workflows/brainstorming/brain-methods.csv","0ab5878b1dbc9e3fa98cb72abfc3920a586b9e2b42609211bb0516eefd542039"
"md","bmad-master","core","bmad/core/agents/bmad-master.md","4338f87b6fe2b3318e0064d51226749bce4e06aa114f121e7dd3b318650ec39c"
"md","excalidraw-helpers","core","bmad/core/resources/excalidraw/excalidraw-helpers.md","37f18fa0bd15f85a33e7526a2cbfe1d5a9404f8bcb8febc79b782361ef790de4"
"md","library-loader","core","bmad/core/resources/excalidraw/library-loader.md","7c9637a8467718035257bcc7a8733c31d59dc7396b48b60200913731a17cb666"
"md","README","core","bmad/core/resources/excalidraw/README.md","b5a1f4e9048b8bec24b10b486698ec9a9be34a4d541db57d6243aa8cb2f2b557"
"md","step-01-agent-loading","core","bmad/core/workflows/party-mode/steps/step-01-agent-loading.md","36ec87e594b1cee30123b92ea11570e2391fdac195fd29aedaaad92e23e00244"
"md","step-01-session-setup","core","bmad/core/workflows/brainstorming/steps/step-01-session-setup.md","62f485402f8b9ded853215ebcd11b9a34b67b5947a3faa769b606cc37f977e1e"
"md","step-01b-continue","core","bmad/core/workflows/brainstorming/steps/step-01b-continue.md","9d531b012f85a2a7c3ddd94a2adeb8189eab24c370d099dbabb1bd6e33b3a9cb"
"md","step-02-discussion-orchestration","core","bmad/core/workflows/party-mode/steps/step-02-discussion-orchestration.md","1f0a6ca96139f522cc26ce6fdf78b4f94297201a53f06c30fb30e65717957cfb"
"md","step-02a-user-selected","core","bmad/core/workflows/brainstorming/steps/step-02a-user-selected.md","24158414bfe6daa46c94e6e43a9ec3a8d9a6dfe1b2a5bd8b719d06c775dcc73d"
"md","step-02b-ai-recommended","core","bmad/core/workflows/brainstorming/steps/step-02b-ai-recommended.md","68774e344cdcffbbd8fd9c5bec5bbe4cfd5297eb9734fc542606831becc38441"
"md","step-02c-random-selection","core","bmad/core/workflows/brainstorming/steps/step-02c-random-selection.md","24b54de6ed3a3b0b87a23a28a69a5fa73e8bf9fb80353fb12db8258c1e29ac95"
"md","step-02d-progressive-flow","core","bmad/core/workflows/brainstorming/steps/step-02d-progressive-flow.md","34b53545f18cd26db8bff81072e1c6b38efe031969e72d79c7efa2814f3b9073"
"md","step-03-graceful-exit","core","bmad/core/workflows/party-mode/steps/step-03-graceful-exit.md","cea36ccba0c4a9167508b01a3a27e464b81029e17a14eea95100cbc7e5eddb8a"
"md","step-03-technique-execution","core","bmad/core/workflows/brainstorming/steps/step-03-technique-execution.md","a0f7ef0d58ccf21c1e10b9ab221f8dbcc8ddc0c09b322da3863996e8731b6409"
"md","step-04-idea-organization","core","bmad/core/workflows/brainstorming/steps/step-04-idea-organization.md","2a7f516d0e598ec3462795b1e5fe2bf2f3745276ca6ae609eed5562bacf46b0d"
"md","template","core","bmad/core/workflows/brainstorming/template.md","5c99d76963eb5fc21db96c5a68f39711dca7c6ed30e4f7d22aedee9e8bb964f9"
"md","validate-json-instructions","core","bmad/core/resources/excalidraw/validate-json-instructions.md","0970bac93d52b4ee591a11998a02d5682e914649a40725d623489c77f7a1e449"
"md","workflow","core","bmad/core/workflows/brainstorming/workflow.md","5eb94c98884fff3b569c4a22a57d24676dcd5aff48dffc7d2ce021a7a7b2ec2c"
"md","workflow","core","bmad/core/workflows/party-mode/workflow.md","ef68417cf68a852dcd89868c06ac50c178f386344a9623d6c1e3dc330c5f98f8"
"xml","advanced-elicitation","core","bmad/core/tasks/advanced-elicitation.xml","3226423d2af0ee054ceb44b0f61be901dae5c0df91b0d30639fe683b12e052da"
"xml","bmad-web-orchestrator.agent","core","bmad/core/agents/bmad-web-orchestrator.agent.xml","ac556cdfe0b1bcf3eeffe9672b80e17d0df22e3e172de78e4b4899fbfd7760aa"
"xml","index-docs","core","bmad/core/tasks/index-docs.xml","c6a9d79628fd1246ef29e296438b238d21c68f50eadb16219ac9d6200cf03628"
"xml","shard-doc","core","bmad/core/tools/shard-doc.xml","a0ddae908e440be3f3f40a96f7b288bcbf9fa3f8dc45d22814a957e807d2bedc"
"xml","validate-workflow","core","bmad/core/tasks/validate-workflow.xml","63580411c759ee317e58da8bda6ceba27dbf9d3742f39c5c705afcd27361a9ee"
"xml","workflow","core","bmad/core/tasks/workflow.xml","7035538997058b22e30785bf81db2fc3519dce8c9e20f27def0d8f6d4e82673e"
"yaml","bmad-master.agent","core","bmad/core/agents/bmad-master.agent.yaml",""
"yaml","config","core","bmad/core/config.yaml","958554d705e08bcbc067b098cca30764d2d589d685a78a02d77b95e1cbdabc16"
"yaml","config","ExerciseDatabase","bmad/ExerciseDatabase/config.yaml","319c56d025b37b583767cceaecd076e5db4ce04c082271569e08ecc1b48b056a"
